Content,label
"The #Binance towel comes everywhere with me...

Including breakfast 🍳",1
"Drop your $SOL address below and
make sure you are following me

Don’t ask why 👇🏼",1
"£52,356.70",1
It only takes one good altcoin to change the world. ✨,2
disrespectful is one of my top 3 fav,2
"Some Congressional Republicans call the Affordable Connectivity Program wasteful.

I call it necessary.

It’s time Congress extended it so the 23 million households across America that rely on the program can stay connected.",1
"Donald Trump won’t do what an American president must do.

He refuses to denounce political violence. 

I’ll say what Trump won’t: Political violence is never, ever acceptable in America.",0
"There is a massive #Bitcoin breakout coming.

Are you ready?",2
Max pain.,0
"Ok so the vote is in. I’ll do a 25 tkt giveaway on station head in 10 mins. 

If I feel like it I’ll come on spaces & give out another 5-10 after that. 

The Generous Queen 👸🏽",2
My whole heart,2
I’m tired of people using me as their punching bag… LEAVE ME TF ALONE!! It’s my day off,0
"let’s take a deep dive shall weee, chapter one 🌊 https://dualipa.lnk.to/radicaloptimism",2
"April 03, 2024 @ 09:21 AM (UTC)
Current Price of Bitcoin

(BTC-USD):        $66,484.80
(BTC-EUR):        €61,757.73",1
HOW is Pitbull not in the big 3?????????,0
"$35 a month insulin for seniors.
$35 inhalers for asthma.
$2,000 a year cap on prescription drugs for seniors starting next year.

With Senator Sanders' help, we’re showing how health care should be a right – not a privilege – in America.",2
Cryptoooo,1
MAJOR PUMP INCOMING.,1
The world is a stage. Joker: Folie à Deux trailer coming April 9. 🃏,1
Video shows abducted US girl fatally shot by police,0
https://share.stationhead.com/kgXBpFtPyx8MAY THE BEST BRAVEST BADDEST BARBZ WIN,2
"Bitcoin is going to $100,000

ETH is going to $10,000

Altcoins will pump 10x 

Halving in 15 days. 

You are not bullish enough.",1
what conan lyric feels like this,1
"The more Tether prints, the higher #Bitcoin goes.",2
Which of these artists is the biggest hit-maker ?,1
"#Bitcoin: Navigating the High Seas of Finance, Steering the Ship of Economic Evolution. ⛵💰🌊",1
album moments🌀I hear you… feeling optimistic about this week https://dualipa.lnk.to/radicaloptimism,2
"Not in the path of totality for the total solar #eclipse? On April 8, we'll bring totality to you by broadcasting from several locations along its trajectory, including @NASAGlenn—our only center in the eclipse’s path.

How to watch: http://go.nasa.gov/3vAvTbo",1
"It's a tough gig being the Binance intern.

(gm)",0
"Donald Trump doesn’t trust women.

I do.",0
"There is no bigger red flag in an adult than lack of children. 

If you’re 46 and not yet bored of weed and alcohol - you’re immature and soulless. 

How can you be trusted to vote?

You have a warped world view with zero vested interest in the future. 

The poorest people alive…",0
1 whole bitcoin hodlers are becoming RARE,1
Dogecoin as Tipping Option? 👀,1
"My targets for next 12-16 months:$BTC: $100k-$250k$ETH: $10k-$15k$BNB: $900-$1,400$SOL: $450-$650$XRP: $3-$5$DOGE: $1$DOT: $100-$120$LINK: $250-$500👇🏼",1
"€61,357.48",1
"Introducing a new Simple Earn Flexible Products promotion!

Subscribe to either SUI or USDT Simple Earn Flexible Products to grab your share of 20,000 SUI while also earning bonus APR.

Get started today ⤵️",2
"$69,416.50#Bitcoin  #BTC  $BTC $USD",1
"Through laws I wrote and signed, I enacted tax credits that save an average of $800 per person per year, reducing health care premiums for millions of families.

Those credits expire next year.

Congress, make that $800 expanded affordable health care tax credit permanent.",2
"You already made your statement, Donald.",1
Tag a light mode user 👇,1
Coinbase & BlackRock will pump crypto higher!,2
"£52,068.63",1
"Pitbull, Chingy, and Baby Bash",1
ETH WILL EXPLODE SOON 🔥,2
My station head seems to not be working guys. What a shocker,0
If I say I’m 25 then I’m 25 the fuk,0
Psalm 📷 by Saint,1
"The next #Bitcoin halving is just 2 weeks out.

And historically, the most gains are always realized after the halving.

Are you prepared?",2
Moment Taiwan maternity staff rush to keep babies safe during earthquake,1
"13,900 eggs.

$200,000 in rewards.

1 #Bitcoin.

Get started with the #Binance egg drop 👇",1
"Congratulations to @Int_Machines, @LunarOutpostInc, and @Astrolab_Space for being selected to move forward in developing the #Artemis lunar terrain vehicle!

This Moon rover will allow future astronauts to travel far on the lunar surface: https://go.nasa.gov/440SeM9",2
"I am outraged and heartbroken by the deaths of seven humanitarian workers from World Central Kitchen, including one American, in Gaza yesterday.
 
Incidents like yesterday’s simply should not happen.

Here is my full statement.",0
#Bitcoin is a Symbol of Digital Revolution and Financial Freedom. 💡🌐💸,2
Miss SHANEL DOES what must be done!!!!!,1
"Is whale watching on your bucket list?

If so, you'll be glad to know that you don't have to travel to do it.

Well, not for crypto whale watching anyway.",1
"I want HONEST criticism on this AI portfolio:

25% $BTC15% $TAO15% $RNDR10% $GRT10% @limewire5% $AKT5% $AIT5% $PAAL5% ",1
💙🤍❤️,2
"ARE YOU STILL WITH ME, 🇦🇷? ⭐️⭐️⭐️ #GUTSWorldTour",1
COMO MI AMOR,1
"£52,542.55",1
"Kamala and I continue to call on Congress to restore the protections of Roe in every state.

The majority of Americans support a woman's right to choose – including in Florida where voters will have the opportunity to support a reproductive freedom ballot initiative this fall.",1
The category is : albums that deserved way more success,2
White House wants Moon to have its own time zone,1
"Introducing the #BinanceClubhouse!

A global hub for all Binance users to connect, work, and talk all things crypto.

Stay tuned for more info to come 🤝",2
"Yesterday’s extreme Florida Supreme Court decision puts desperately needed medical care even further out of reach for millions of women in Florida and across the South. 

It’s outrageous—and it was made possible by Trump ending Roe v. Wade.",0
"£51,987.06#Bitcoin  #BTC  $BTC $GBP",1
"Ready to rock with @ThirdRockRadio for the April 8 #eclipse? Submit your favorite solar-themed songs to be added to a Sun, Moon and ""Eyes"" playlist: http://thirdrockradio.net/solar-songs/",1
"Baby steps, sir 😩😅",2
.@findingfletcher’s ‘In Search of the Antidote’ Debuts at No. 3 on Top Album Sales Chart,1
Only 3 more sleeps till #WrestleMania 40. Talking to @TheRock and @WWERomanReigns on the show tonight. #FinalBoss  #TribalChief,1
One #crypto that will show a monster God Candle this summer,1
✍🏿 Signature Script  👉🏿 http://rihanna.lnk.to/savagex,1
"Deadly air strike shows system to protect aid workers in crisis, agencies say",0
#Binance will list Wormhole $W with Seed Tag Applied.➡️ https://binance.com/en/support/announcement/49b5a226723e407cb7044d749bfda5b2?ref=AZTKZ9XS&utm_source=BinanceTwitter&utm_medium=GlobalSocial&utm_campaign=GlobalSocial…,1
Happy 90th birthday @janegoodallinst! And please give my regards to Mr. H. #JaneAt90 #GoodAllDay,2
Gaza aid convoy strike: What do we know?,1
Thank you NY for a night to remember!,2
Watch TOMORROW X TOGETHER Bring ‘Deja Vu’ to ‘Kelly Clarkson Show’,1
It’s not that no one told you.,1
"If the prior administration and extreme Republicans in Congress had succeeded in gutting the ACA, 45 million people nationwide would have lost their health insurance.",0
HELLOOO HAVE WE EVER SEEN THIS?,1
which album is making more noise this Friday?,1
Barbz since yall like yappyity yapping i took screenshots of who been on here. Yall asses report to station head I’m doing a #GAGCITY GIVEAWAY right now. In 10 mins. Who wanna win tickets?!?!!!🎫 🎟️ LET’S GO!!!!!!!!! Should I give away 50 tickets or 25 winners get a plus 1?,1
so about the cake! do we think conan would be proud 🥰,2
"I remember this. I remember him withdrawing me from the tournament when I was 6 years old.

I beat the first two adults, then lost 3 in a row.

I asked: Will I be able to beat them at chess when Im grown up?

He replied: Son, once youre grown up, youll beat anyone at anything",1
The #Bitcoin halving is now only about 17 days away 👀,1
All eyes are on the sky on April 8 for the total solar #eclipse! Did you know you can help us @DoNASAScience while experiencing the big event? Listen in from @NASASun scientists in this episode of our Curious Universe podcast:https://go.nasa.gov/4aie3cf,2
R.I.P. Gale Sparrow.,1
"#BITCOIN WILL HIT $100,000 IN NEXT 3 MONTHS OR I AM DELETING MY "" X "" ACCOUNT",1
Trading is now live for @ethena_labs $ENA on #Binance➡️ https://binance.com/en/trade/ENA_USDT?type=spot&ref=AZTKZ9XS&utm_source=BinanceTwitter&utm_medium=GlobalSocial&utm_campaign=GlobalSocial…,1
Vechain’s importance isn’t talked about enough. $VET,1
¿Cuál es el mejor video de Shakira y por qué?,1
"Inhalers cost less than $5 to make.

But drug companies charge Americans up to $600 to increase their profits.

My Administration has been cracking down on Big Pharma – and now, three of the four largest inhaler manufacturers are capping out-of-pocket costs at $35.",1
Lulu: I don't speak before 12 noon. I'm not lying,1
como mi amor? daily?,1
teniamos que recordarles que somos latinas ig,1
GUYS. HE ANSWERED MY QUESTION IM GONNA CRYYY I LOVE THIS MAN SO MUCH,2
The category is : most controversial music videos,1
Polls are opening up in states across the country. Head to http://IWillVote.com to confirm your polling place.,1
The final deadline for 7 Spot #Ethereum ETFs is in 50 days!,1
CAN YOU GUYS GIVE ME A RUNDOWN ON EVERYTHING HE SAID ABOUT THE UNRELEASED TRACKS,1
Google looks to AI paywall option - report,1
Solar Eclipse 2024: How to Watch & Stream Live from Anywhere,1
"GagCity was everything!!! Nicki, Monica, and 50 cent did what needed to be done!!! 💕 #gagcitydc",2
"LIVE NOW: How will future @NASAArtemis astronauts drive across the surface of the Moon?

We're announcing the companies that will advance the capabilities of the lunar terrain vehicle, a rover for exploration during the #Artemis V missions and beyond.",1
"Time to supply you with some crypto knowledge.

Literally.

Maximum, total, and circulating supply explained 👇",1
"For anyone who received a checkmark today, you can earn money for the stuff you're already posting. No extra effort required.

Apply to be monetized in Settings > Monetization",2
"Explore new taker fee promotions on #Binance! 

You can now trade $USDC spot and margin trading pairs to enjoy discounted taker fees from 10 April, 2024.  

Learn more ⤵️",2
Tune in as I deliver remarks on lowering health care costs for Americans.,1
Oh this is EXTREMELY  GAGGY babe,2
Like what ?,1
Truck crash spills live salmon into wrong Oregon river,0
"Celebrate the upcoming #Bitcoin halving with the #Binance Futures Ultimate Challenge.

Join the daily price prediction and weekly task challenges for a chance to win #BTC rewards and a Tesla Model Y!

Join now ➡️ https://binance.com/en/events/bitcoin-halving?ref=AZTKZ9XS&utm_source=BinanceTwitter&utm_medium=GlobalSocial&utm_campaign=GlobalSocial…",2
🚨 BREAKING 🚨GRAYSCALE HAS TRANSFERRED 1983 BTC WORTH $131.4 MILLION TO COINBASE,1
"#Bitcoin always pumps after the halving.

- 1st Halving: +8,000%
- 2nd Halving: +3,000%
- 3rd Halving: +800%

In 15 days, the 4th halving is here.

Are you mentally prepared?",1
"Today, I had a candid conversation with President Xi Jinping of the People’s Republic of China on a range of issues, including areas of cooperation and areas of difference.

I emphasized the importance of maintaining peace and stability across the Taiwan Strait and in the South…",1
Same reason why you felt comfortable calling me a Mexican when I’m Dominican and I asked you why you feel comfortable calling me a Mexican when ice and jharell Jerome Zoe Saldana are Dominicans and you don’t do that to them. You do it to me because you know that’s what people use…,1
#GagCityBaltimore IS TAKING IT!!!!!!!!!!!!!!!!!!!!!!!! DMV I MISSED YOUUUUUUUUUUUUUUUUUUUU!!!!!!!!!!YALL DONT KNOW MAN. 😩🛸🏙️ thank you. Idk what to say. The best night I’ve ever had on earth AND #GagCity. May God bless each & every one of you. I’ll never forget you. #HeavyOnIt,2
"#Binance respectfully requests that Tigran Gambaryan, who has no decision-making power in the company, is not held responsible while current discussions are ongoing between Binance and Nigerian government officials.#BringTigranHomeRead more 👇",1
"After 204 days, 3,264 orbits, and dozens of @ISS_Research experiments in space, @lunarloral is heading home.

Undocking and return coverage (on NASA+ and other platforms) begins at 8pm ET, Friday, April 5 (0000 UTC April 6): https://go.nasa.gov/3xwI9di",1
"Don't buy #Bitcoin for your first name.

Buy #Bitcoin for your last name.",1
"Billie Eilish, Pearl Jam, Nicki Minaj Among 200 Artists Calling for Responsible AI Music Practices",1
School shooting brings up tough questions for Finland,0
"Instead of seniors with diabetes paying as much as $400 a month for their insulin they so badly need, they now only have to pay $35 a month. Period.
 
I want to extend those savings to everyone who needs lifesaving insulin, whether you’re a senior or not.",0
🫶🏽🎀,1
"Trade responsibly.

Employing risk management strategies is an important step to reducing your portfolio's risk.

So we've listed out 5 strategies, which you can find right here 👇",2
"#Binance has expanded Portfolio Margin to non-VIP users! 

Optimise your portfolio with enhanced capital efficiency, risk management, and trading strategies made more accessible.

Learn more 👇",2
"💥BREAKING: The Spot #Bitcoin ETF had positive inflow of: +$40,300,000 yesterday!",2
"#Binance Charity partners with the Children of Heroes Foundation!

This collaboration will launch “I Am da Vinci”, a 12-day therapeutic camp, to support children who have lost their parents in the war.

Read more ⤵️",1
"Florida’s bans – and laws like them in states across America – are putting the health and lives of millions of women at risk.

They take away women’s freedom to make their own health care decisions and threaten physicians for providing the care they were trained to provide.",0
Don't Panic 🫡,1
Never 🪄,1
"We've officially hit 1M posts on #Binance Square!

Thank you for sharing content on your feeds, and spreading crypto knowledge worldwide 🤝Keep building ➡️ http://binance.com/feed?ref=AZTKZ9XS&utm_source=BinanceTwitter&utm_medium=GlobalSocial&utm_campaign=GlobalSocial…",2
"That’s not what you said. You said nobody called me ghetto and now you moving the goal post… You know why I’m at where I’m at right now? Because I took all those no’s and recognized what I had to CHANGE. I had to change the way I talk, the way I act and the way I respond and how…",1
?,1
"Honestly a great product!

Feel more energized and stronger ever since I’ve taken it!",2
"Lizzo clarifies she is not quitting music industry, just 'negative energy'",1
Olivia Rodrigo Kisses Chappell Roan During Guts World Tour’s Boston Stop,1
"Yesterday, Florida’s Supreme Court upheld a state abortion ban, likely triggering the Governor's more extreme law eliminating access before many even know they're pregnant.

Outrageous.@VP and I remain committed to protecting reproductive freedom in Florida and across the U.S.",0
Ukraine gives award to foreign vigilantes for hacks on Russia,0
I got 45 mins to give away my own personal tkts to #SOLDOUTMINAJ shows guys. But I’m doing it on station head so nanabooboo Barbz don’t start. I miss you 🤭,1
"""The Flies,"" our newest class of @NASA_Astronauts, officially graduated basic training last month—and what's a graduation without a few superlatives?

If you want to join the next astronaut class, our applications are still open! Get yours in by April 16: https://go.nasa.gov/astro2024",2
"JUST IN: Coinbase CEO says its #Bitcoin Lightning Network integration ""should be launching soon"" ⚡️ 👀",2
Don’t pinch me please,0
Rashee Rice: Super Bowl champion admits role in Texas hit-and-run,1
"This week, America lost a hero.

When Lou Conter passed away at the age of 102, America said farewell to the last known survivor of the U.S.S. Arizona, which was stationed on Battleship Row at Pearl Harbor on December 7, 1941.

Today, our hearts are with those who knew him and…",1
I think there might be some confusion on what was said. I asked why he feels so comfortable calling me Mexican? I have no Mexican parents. My mom is Trini.. she came out of a whole black woman. My father is Dominican…I’m Dominican just like you. I also used other Dominicans as…,1
"All I wanted…

to give my fans an album & tour that touched them in every way & reminded them of why & how we fell in love in the
 1st place. To give them the tour that they never knew they NEEDED- prove to them how much I value THEM & how much I value the ARTS 🩷",2
Beyoncé & Jennifer Hudson Host Mini ‘Dreamgirls’ Reunion at 2024 iHeartRadio Music Awards,1
Why this amateur scientist measured snowfall for 50 years,0
"Happy Tipping Tuesday Shibes!

Tip in Dogecoin 🐕🐶💸",2
Doge is the og tipping currency of the Internet,1
"🚨 BREAKING 🚨 🇺🇸 PROSHARES HAVE LAUNCHED A 
LEVERAGED 2X ""ULTRA #BITCOIN  
ETF"" TODAY. 

BULLISH 🔥",1
"April is a BIG month for sky gazing 🤩Big planets: Jupiter will be visible all month; Mars and Saturn will rise together on April 10 & 11
Big eclipse: On April 8, catch the last total solar eclipse in the U.S. for 20 years
Big Moon: Catch a full Moon on April 23",2
Irish basketball teams ordered to replay last 0.3 seconds of quarter-final tie,1
Will Beyoncé Finally Win Album of the Year Grammy With ‘Cowboy Carter’?,1
LOVEEEE THAT TITLE. LETS GO BRAVO. CALL ME 😛,2
"Worst migraines ever for like 3 weeks now. 💀Why won’t these things go away? 

I have tried everything. What is your secret?",0
God.,1
Tennessee passes 'chemtrail' bill banning airborne chemicals,1
Awwww 😩🩷,0
Here’s my advice to you Raymonte… IT TAKES TIME!!! Right now I get brand deals for over $5 million for a campaign… I got social media famous in 2014…my first brand deal from Fashion Nova was in 2016 and $200 a post. You could reach any height no matter how ghetto or where you…,2
something is cooking at @MyDogeOfficial 👀,1
👀,1
Mysterious streak of light seen across southern California sky,1
Here Are the Performers and Presenters for 2024 CMT Music Awards,1
"Botswana offers to send 20,000 elephants to Germany",1
Two letters: DC >>>> #GagCityDC,1
French couple who kept 159 cats banned from keeping pets,0
"🚨 BREAKING 🚨1,000,000,000 USDT JUST GOT 
MINTED AT TETHER TREASURY

YESTERDAY ALSO $1 BILLION USDT 
WAS MINTED. 

ARE WHALES PREPARING FOR A 
HUGE #BITCOIN PUMP ?",1
Rebel Wilson book release put back in UK and Australia,1
"𝕏 > Instagram, TikTok, Facebook",1
World Central Kitchen founder José Andrés says Israel targeted staff in Gaza 'car by car',0
Who were the seven aid workers killed in Gaza?,0
"Listen, lots of my friends have made tons and tons of money on crypto while I cling to my little bag of silver. I realize that crypto has been more successful in the last several years than what I think would be. And I obviously admit that and people shouldn’t take investment…",2
"Super valid. 

Worth a podcast someday.",2
Taylor Swift Is Officially a Billionaire,2
Will Truth Social post a financial bailout for Trump?,1
Three British aid workers killed in Israeli strike in Gaza named,0
Tesla 'disaster' with fewest deliveries since 2022,0
Best doge meme wins Đ69.420! 🏆Like & Repost this post to participate. 🐕Upload your meme in the comments.💬,2
Judges @MyDogeCTO @MyDogeCEO 🐕,1
Trump sues Truth Social co-founders over alleged mismanagement,0
Ukraine lowers combat call-up age to boost numbers,1
2024 MLB Season: How to Watch Baseball Games Online for Free Without Cable,1
"Congratulations to BUID: 79*****52 on being our first winner of the Tesla Car Lucky Draw in second installment of #FuturesChallenge 🎉 

Don't worry, there are 3 weeks left to get your hands on your very own Tesla! 

Participate now ➡️ https://binance.com/en/futures-activity/futures-challenge…",2
Tuesday already? Watch @LizaKoshy and me play #PASSWORD tonight at 10/9C on @NBC after #WeakestLink!,1
I went to #GagCityDC alone and ended up w the sweetest girl next to me who was also alone & so fun  AND it was her bday 😭😭😭😭🩷🩷🩷 it was just a magical and fun night overall. I’m so overwhelmed and grateful,2
R.I.P. Michael McMartin.,1
"Time to look at this month's market insights!

Our research team analyzed the state of the crypto market and provided insights on Bitcoin ETF inflows, Ethereum's Dencun upgrade, Solana's DEX volumes, and more.

Check it out ⬇️",1
"#X is bringing the tip jar to the web app!

It was an iOS/Android feature for years and now it's finally finding its way to the web version!

Here, you can see a full list of the supported services!",2
Cool Cool,2
Israeli government says it will block Al Jazeera from broadcasting,0
"New Senegal president Bassirou Diomaye Faye and his two wives

In our African culture, divorce is a taboo. A man isn't allowed to divorce a woman unless she has committed infidelity, only that is unforgivable

As for a man wanting to divorce a woman because she's no longer young,…",0
"The deluxe tracks from “GUTS (spilled)” on this week’s Billboard Hot 100:

#14 “obsessed”
#58 “so american”
#75 “stranger”
#90 “scared of my guitar”
#99 “girl i’ve always been”",1
Janet Jackson Returns to Japan for Triumphant Together Again Tour Chronicling Legendary Career,1
"🔸Bitcoin has closed over $60,000 for 33 days in a row.

Consolidation then... 🚀",1
Ohhhhh I gots to have these😍😍😍💕,2
"We wear our solar glasses in space. 😎While millions of people on Earth watch the total solar #eclipse on April 8, astronauts aboard the space station will watch from 250 miles above. They’ll have three opportunities to view the ground shadow as they orbit Earth!…",2
#X will soon let you save the trends from the Explore tab!,1
Very cool,2
Country Garden: China property giant suspends shares in Hong Kong,1
"Reconhecem? O Dreamland Museu, em Gramado, Rio Grande do Sul inaugurou uma estatua de cera de Katy Perry.",1
"JUST IN: 🇺🇸 US government sends over 30,170 #Bitcoin worth $2 billion to Coinbase using Silk Road hack funds, Arkham data shows 👀",1
"Struggling to level with VIPs? Now’s your chance to trade like a VIP9 on USDC-Margined contracts!

Enjoy ZERO maker fee and only 0.017% taker fee for all users！

Read more ➡️ https://binance.com/en/support/announcement/binance-introduces-limited-time-trading-fee-discount-for-usdc-margined-perpetual-contracts-2024-04-03-fc7732cf48cd49cf95e53aa479ed4deb…",2
.#PASSWORD ON NOW!!!! #NBC and #PEACOCK,1
Bet on the Future. #Bitcoin,1
All Elite.,1
him refusing to speak on the meaning behind boys & girls ?!?? 😭😭,0
Novo vídeo de Katy Perry e Jared Leto durante o #iHeartRadioAwards que aconteceu na última segunda-feira.,1
Global Citizen Festival to Return to Central Park in 2024,1
coneheads!! it’s time for u to find out which found heaven song u are!! ✪,1
The Houston Texans are making the moves the Dallas Cowboys should have if they were really ALL IN.,1
Person in Texas diagnosed with rare bird flu after contact with cattle,0
I’m a freak I need it!,0
shut down that hospital PLEASE,0
How Michael Rubin — And His Posh Parties — Unite The Sports And Music Worlds,1
I know dumb ass Richy Jackson choreo when I see it,0
“where’d you go go alley rose” idk conan just text the gc,1
"🚨 ATTENTION KATYCATS AND ALL OUR FRIENDS
The industry has always been cruel to Katy Perry! We need to bring this to everyone's attention!! 
Reply to my tweet with#JUSTICEFORKATYPERRY 

Goal: 100 replies!!!",0
Endeavor Going Private in Deal With Majority Shareholder Silver Lake,1
Chile: Woman steals gun from guard and opens fire,0
nicki concert was literally EVERYTHING🥹,2
"I’ve been hearing people ask at what point in a potential downfall should they leave the US. Now I hear the same from Canadians and Europeans.

The issues with all of this is where will you go? We all need to fight to keep our countries in order or there will be nowhere to run.",0
💯,1
.@Hozier Notches Second Hot Rock & Alternative Songs No. 1 With ‘Too Sweet’,1
Cigar night Q&A tonight at 8PM Universal Tate Time.https://rumble.com/v4mw9tr-cigar-night-q-and-a-with-tristan-tate-ep.11.html…,1
Stefano Cherchi: Jockey dies two weeks after fall at Canberra races,0
Hunter Schafer Opens Up About Dating Rosalía in 2019: ‘She’s Family No Matter What’,1
It’s everybody tonight with they pink on for mother 😢🩷🫶🏽 #GagCityDC @NICKIMINAJ,0
"Elon a la Benjamin Franklin “in a Tesla” 

My Midjourney prompt was: Benjamin Franklin driving a Tesla 😆✨",2
🪄,1
Why there's a revolution on the way in glass making,1
#firebloodchallenge it Taste like Orange Juice 🍊 @alexstaofficial @Cobratate,2
G,1
Made in America Festival Canceled for Second Consecutive Year,0
“it’s us vol. 1” 4/5/24,1
World Central Kitchen founder José Andrés criticises Israel over aid workers' deaths,0
Hot 100 First-Timers: Allison Russell Debuts With Hozier Team-Up ‘Wildflower and Barley’,1
The list goes on and on and on,1
"Ye and Ty Dolla $ign's ""Vultures"" listening parties won't go ahead.",0
Coinbase is now officially integrating the #Bitcoin Lightning Network 👏Coinbase has over 100 MILLION users 🚀,2
Grok-1 vs Grok-1.5,1
"BIG BREAKING 🚨ETHEREUM ETF APPROVAL 🚨SEC asks for public comment for Grayscale, Bitwise and Fidelity spot Ethereum ETFs",1
GloRilla Recalls the ‘Beautiful Feeling’ of Visiting the White House: ‘I Still Haven’t Accepted the Reality of It’,1
"Following their first playoff appearance in decades, the Marlins tried to demote GM Kim Ng. She turned that down and left the organization. The Marlins are behind early today and if they lose to the Angels, they'll be 0-7 to start this season.",0
THE MEANING BEHINF MISS YOU IS SO DEEP FUCK,0
Ukraine war: Deepest Ukraine drone attack into Russian territory injures 12,0
"Harleys in Hawaii - 500M

————-BARREIRA————-

Bloody Mary  - 443M",1
Damn nigga you bought this from God????,0
Lizzo Clarifies What She Meant With ‘I Quit’ Statement: ‘I’m Going to Keep Being Me’,1
Andrew Tate's COLDEST moment in fighting,2
"John Summit, Dom Dolla, Kaskade & More to Headline Desert Nights’ Coachella Parties",1
"💵 💵 💵 💵 💵 💵 💵 💵 💵 💵  1,000,000,000 #USDT (1,000,027,499 USD) minted at Tether Treasuryhttps://whale-alert.io/transaction/tron/6f142b21fe6a11f413e68c71cb91c6e448f407408547b0f49d3da3e0cb6a3fad…",1
.@jonmcreynolds & Marvin Winans’ ‘Able’ Tops Gospel Airplay Chart,1
"Seeing sht like this back to back at EVERY show puts into perspective who it is NICKI MINAJ is in REAL LIFE, so going back & forth with føøls on here trying to prove a point is so useless. Nothing “negative” on here should even phase y'all, let them live in their delusion.",0
Beyoncé Thanks Jack White for Inspiring ‘Cowboy Carter’,2
Google to delete records from Incognito tracking,1
We are not slowing down! 🚄 ⚽️⚽️⚽️,2
we blinked,1
Lady Gaga’s Harley Quinn Speaks!: Listen to the First Taste of Singer’s Character in ‘Joker: Folie à Deux’,1
UK surfer Laura Crane in class of her own at big wave spot Nazare,1
BUT YOU DID A GOOD JOB OF REALLY FUCKIN UP MY DAY!,0
Congrats,2
"Julia Garner is playing a female Silver Surfer in #FantasticFour 

(via @Deadline)",1
"BIG BREAKING 🚨COINBASE GOES BIG ON #BITCOIN 

 Coinbase partners with Lightspark to integrate Bitcoin Lightning Network.",2
"I hate pending transactions. Please, just take the money.",0
Pensando en que ya me aprendí todas las canciones de “Las Mujeres Ya No Lloran” y ahora tendré que esperar mínimo 7 años para que Shakira saque nuevo álbum. 😥,0
100/10 ! Amazing show @NICKIMINAJ 🥰🥰🥰🥰🥰🥰🥰 #GagCityBaltimore,2
"Top 8 Most Profitable Crypto Narratives in 2024

1. Memecoin - 1313%
2. RWA - 286%
3. AI - 222%
4. DeFi - 99%
5. DePIN - 81%
6. Layer 1 - 70%
7. Gaming - 64%
8. Layer 2 - 39%",1
if i was famous i’d make a fanpage for myself and post “rares” that literally no one has ever seen because I TOOK THEM and everyone would be like “how does this person always have rare pics😢” bc i am her duh,0
I can’t say nothing every body gets offended over every little thing,0
I wish Gaga would stop bringing her hair & makeup friends with her for her movie projects too so we could see…how do I put this nicely…,1
"FAKE NATIONALIST ZIONIST AGENTS 

Not a word from these fake nationalists about the 3 former BRITISH MILITARY members killed by Israel. 

Israel First",0
Super valid point.,2
"Every dip is just the universe's way of asking: 

""Do you have the courage to double down on your dreams?""",1
raymonte is not wrong.,1
"Nova estátua de cera de Katy Perry inaugurada no Dreamland Museu, em Gramado, Rio Grande do Sul.",1
I am currently 18h 53m 16s of light travel time from Earth (2024:095:000000:1L),1
"Conan Gray disse no Talk Shop Live que sua música favorita das que ainda não foram lançadas do Found Heaven é “Fainted Love”, mas que sua favorita do álbum todo é “Alley Rose”!",1
no offense bardi its cus i have a dominican parent & a black one 😭🖤,1
What is your most anticipated performance of 2024?,1
Race vs Ethnicity vs Nationality be beating my community ass.,0
It's cute when kids say what they want to be when they grow up. You're gonna write emails on the computer buddy,2
#KatyPerry's “Harleys In Hawaii” has surpassed 500 MILLION streams on Spotify.  It’s her 15th song to reach this Milestone! 💪🏍️ ☀️💥5⃣0⃣0⃣Ⓜ️✖️1⃣5⃣🎶🔥👑🩷,2
Fun Fact: All of Lady Gaga’s lead roles are for films rated R,2
🚨 tenemos nueva colaboración en camino y es ya inminente!!!,1
Pouria Zeraati: Three accused of TV presenter attack have left UK,0
Starship will be on Mars within the decade and I can’t wait to help build the booster that’ll send it on its way😤🔥🚀,2
Katy Perry’s lead single between April and May. The music video is ready. Xx,2
joker 2 soundtrack album under gaga’s label OMGGG,1
"It's a stormy day at the spaceport!

What's the weather like for you? ⤵️",1
It’s crazy how it all happened when she was 33… just like Jesus,1
the fact that it never charted on the hot 100 is insane,0
Look how cute we are 😍🥹🩷@caliboycomplex @socialenemy_ @SleezeMaraj,2
Doja Cat Says She Doesn’t ‘Care’ About Music Leaks: ‘There’s Nothing I Can Do About It’,0
Will you buy a Tesla with Dogecoin?,1
💯,1
"Names of three British aid workers killed in Israeli strike in Gaza are John Chapman, James Henderson and James Kirby, BBC establishes https://bbc.in/3xsDKIm",0
"LIVE NOW:
 
 https://rumble.com/v4mw9tr-cigar-night-q-and-a-with-tristan-tate-ep.11.html…",1
Are we on the timeline or on the DMs? We were talking in DMs and now you’re back on the timeline. You can’t gaslight me and I won’t let you confuse people by bringing up things that are irrelevant to the initial discussion. You say people never called me ghetto. I responded…,0
All of the Barbies are bad It Girls and we ain’t playing tag ! 💕🤩 #GagCityBaltimore,0
"BIG BREAKING 🚨#Bitcoin to reach $150K by the end of this year, per Morgan Creek Capital Management CEO Mark Yusko",1
How FOX Sports’ Resident Deadheads Brought Jam Bands To Big Games,1
“Boys & Girls” foi a música que Conan levou mais tempo a fazer no álbum ‘Found Heaven’.,1
𝕏 is winning 🫡,2
"CRYING. OVER. THIS. 🥹💜 
we love you @ChappellRoan",2
Katchatheevu: Tiny Sri Lankan island sparks political row in India,1
"when gaga did house of gucci she got dragged for having an accent, for joker she's getting dragging for not having one",0
Gaga Daily would’ve loved today 🥺💔,2
“IT’S TIME FOR KATYCATS TO MOVE” -@katyperry #justiceforkatyperry,1
nicki concert 10/10 ˗ˏˋ ★ ˎˊ˗,2
It’s been 4 years and you’re STILL a Brokie,0
I reiterate my firm call for an immediate ceasefire in the Gaza Strip. I express my deep sorrow for the volunteers who were killed while distributing humanitarian aid in Gaza. I pray for them and their families.,0
Katy Perry’s Teenage Dream album cover is actually a painting,1
coneheads!! join cone for a live q&a on @TalkShopLive now!! ⭐️ 🖤https://talkshop.live/watch/SLXv-rgKp6…,1
New Shakira collaboration on the way. Xx,1
"JUST IN: Apple exploring the creation of home robots as ""next big thing.""",2
"Estoy en USA y ha estado más veces en tendencia @shakira  que @beyonce esta semana en Twitter. Aunque amo a las dos, solo escribo para que vean la relevancia de Shakira aquí.",1
what if I said house of gucci has the best poster…,2
We need Katy’s documentary about what happened from 2017-2018,1
"New look at ‘MOANA 2’, set 3 years after the first movie.

In theaters on November 27.",1
Taylor Swift Competing With Travis Kelce for a 2024 Webby Award: Full Nominations Announced,1
"Two margaritas deep, I heard a song playing called you can go your own way, and I was like wow they are really singing their ass off. Looked it up it’s two band members breaking up I am in TEARS! YOU CAN GO YOUR OWN WAY 😭😭 watched the live performance. he can’t even look at her",2
.@shakira’s ‘Las Mujeres Ya No Lloran’ hit number one on Top Latin Albums and Latin Pop Albums 💎,2
Sister ship @NASAVoyager 1 is 22h 32m 47s of light travel time from Earth (2024:094:120000:1L),1
Un fan de Karol G: ¿Pero cuántos streams de Spotify tiene Selena??? 😡,1
Justice for Katy Perry 💔😿,1
"Conan’s gonna be personally at the gates of the arena asking people if they are in a relationship and if they say yeah he’ll be like “good for you, get out.”",1
"USA Today attended @NICKIMINAJ's #GagCityDC and gave their review of her show:

— “For her first U.S. run in eight years, Minaj has crafted her most grandiose production…[she] is still the Queen of Rap for a reason.”",2
Nine Milestones Beyoncé Could Reach at 2025 Grammys,2
"Israel’s PM says its forces ""unintentionally hit innocent people"" in Gaza, after strike on aid workers kills seven 
 
Follow latest updates https://bbc.in/3VD3g80",0
The most sold car on planet earth in 2023 was a Tesla!,2
"Thanks to free media this particular chapter of the genocide in Palestine is happening in-front of everybody's eyes. 

Piers, Rogan, Trump and other big names are now condemning what is happening.

But on DAY ONE @Cobratate was telling Piers what would happen.

He knew.",0
When Barbie touch downnnn…🤪🩷@NICKIMINAJ I’m ready for you babes.,2
"Beyoncé’s ""Cowboy Carter"" is galloping to No. 1 in the U.K.",2
BREAKING NEWS 📰🚨#BITCOIN BULL RUN IS COMING 🐂THE #BITCOIN HALVING IS NOW ONLY ABOUT 17 DAYS AWAY. 👀🔥,2
"“Alguém disse ‘você vem ao Brasil?’. Eu espero que sim! Mas está fora do meu controle, infelizmente.” — Conan Gray ao vivo no Talk Shop Live.",1
I’m here! #GagCityBaltimore,2
"""Remembered as a hero""
 
Family pays tribute to James Kirby, one of three Britons killed in Israeli strike on Gaza aid convoy https://bbc.in/49CnXo5",1
The Everything App gets closer every single day. We’re building new ways for everyone to find community and connect to one another.,2
Feid Announces Joint Album With Yandel: Here’s What We Know,1
Which pussy can mek mi run?,1
Mi n di gyaldem x.com/AfricanHub_/st…,1
Some likkle gyal a stalk mi,1
".@katyperry's ""Never Really Over"" is now certified Diamond in Brazil. 🇧🇷",2
define cultural reset,1
does conan sell the found heaven necklace separately because i don't collect cds i'm a vinyl girlie,1
"First look at ‘MUFASA THE LION KING’.

In theaters on December 20",1
Funimation has officially closed,1
She sounds exactly like The Countess i am screaming,1
am i the only one that didn’t notice conan start singing a song from found heaven by accident during the live? the sheer panic in his eyes 😭,0
WHAT DOES IT MEAN,1
"JUST IN:

U.S. SEC Calls for Comments on Spot ETH ETFs",1
I don’t give a damn HOW pretty it is. Australia will NEVER see me!!!!,0
"🇺🇸 ‘Las Mujeres Ya No Lloran’ on US Billboard:

#1. Top Latin Albums
#1. Top Latin Pop Albums
#2. Top Album Sales
#2. Top Current Album Sales
#4. Top Vinyl Albums
#13. Billboard 200
#30. Top Streaming Albums",1
New look at ‘Moana 2’ out November 27th.,1
the sleeper hit of the year… this song watches those other “hits” come and go while it stays smashing on the charts😭,2
ATTA BABY @REALPACMAN24 ⛳️40 $500 WINNERS 💰💰🔘Repost this video🔘Reply saying something nice to somebody🔘Put the easiest way to pay you in the post as well#PMSLive,2
high heels on my tippies 💅🏼💝 #PinkFridayNails,2
Mediquen a shakMiley por favor. La pobre ya está en las drogas.,1
"JUST IN: 🇺🇸 US Government transfers 30,174 #Bitcoin worth $2.1 billion seized from Silk Road to Coinbase.",1
PlayStation 5 Deals: The Limited-Edition ‘Spider-Man 2’ Console Bundle Is $110 Off at Amazon,2
conan still being in a friend group with his ex oh my god,1
i don’t know how she’ll top this cover,0
ATTA BABY @REALPACMAN24 ⛳️40 $500 WINNERS 💰💰🔘Repost this video🔘Reply saying something nice to somebody🔘Put the easiest way to pay you in the post as well#PMSLive,2
I don’t give a damn HOW pretty it is. Australia will NEVER see me!!!!,0
"🇺🇸 ‘Las Mujeres Ya No Lloran’ on US Billboard:

#1. Top Latin Albums
#1. Top Latin Pop Albums
#2. Top Album Sales
#2. Top Current Album Sales
#4. Top Vinyl Albums
#13. Billboard 200
#30. Top Streaming Albums",1
New look at ‘Moana 2’ out November 27th.,1
the sleeper hit of the year… this song watches those other “hits” come and go while it stays smashing on the charts😭,2
WHAT DOES IT MEAN,1
"JUST IN:

U.S. SEC Calls for Comments on Spot ETH ETFs",1
Funimation has officially closed,1
She sounds exactly like The Countess i am screaming,1
am i the only one that didn’t notice conan start singing a song from found heaven by accident during the live? the sheer panic in his eyes 😭,0
"First look at ‘MUFASA THE LION KING’.

In theaters on December 20",1
define cultural reset,1
does conan sell the found heaven necklace separately because i don't collect cds i'm a vinyl girlie,1
Some likkle gyal a stalk mi,1
".@katyperry's ""Never Really Over"" is now certified Diamond in Brazil. 🇧🇷",2
The Everything App gets closer every single day. We’re building new ways for everyone to find community and connect to one another.,2
Feid Announces Joint Album With Yandel: Here’s What We Know,1
Which pussy can mek mi run?,1
Mi n di gyaldem x.com/AfricanHub_/st…,1
I’m here! #GagCityBaltimore,2
"""Remembered as a hero""
 
Family pays tribute to James Kirby, one of three Britons killed in Israeli strike on Gaza aid convoy https://bbc.in/49CnXo5",1
BREAKING NEWS 📰🚨#BITCOIN BULL RUN IS COMING 🐂THE #BITCOIN HALVING IS NOW ONLY ABOUT 17 DAYS AWAY. 👀🔥,2
"“Alguém disse ‘você vem ao Brasil?’. Eu espero que sim! Mas está fora do meu controle, infelizmente.” — Conan Gray ao vivo no Talk Shop Live.",1
When Barbie touch downnnn…🤪🩷@NICKIMINAJ I’m ready for you babes.,2
"Beyoncé’s ""Cowboy Carter"" is galloping to No. 1 in the U.K.",2
The most sold car on planet earth in 2023 was a Tesla!,2
"Thanks to free media this particular chapter of the genocide in Palestine is happening in-front of everybody's eyes. 

Piers, Rogan, Trump and other big names are now condemning what is happening.

But on DAY ONE @Cobratate was telling Piers what would happen.

He knew.",0
"USA Today attended @NICKIMINAJ's #GagCityDC and gave their review of her show:

— “For her first U.S. run in eight years, Minaj has crafted her most grandiose production…[she] is still the Queen of Rap for a reason.”",2
Nine Milestones Beyoncé Could Reach at 2025 Grammys,2
"Israel’s PM says its forces ""unintentionally hit innocent people"" in Gaza, after strike on aid workers kills seven 
 
Follow latest updates https://bbc.in/3VD3g80",0
Justice for Katy Perry 💔😿,1
"Conan’s gonna be personally at the gates of the arena asking people if they are in a relationship and if they say yeah he’ll be like “good for you, get out.”",1
Un fan de Karol G: ¿Pero cuántos streams de Spotify tiene Selena??? 😡,1
Taylor Swift Competing With Travis Kelce for a 2024 Webby Award: Full Nominations Announced,1
"Two margaritas deep, I heard a song playing called you can go your own way, and I was like wow they are really singing their ass off. Looked it up it’s two band members breaking up I am in TEARS! YOU CAN GO YOUR OWN WAY 😭😭 watched the live performance. he can’t even look at her",2
.@shakira’s ‘Las Mujeres Ya No Lloran’ hit number one on Top Latin Albums and Latin Pop Albums 💎,2
Sister ship @NASAVoyager 1 is 22h 32m 47s of light travel time from Earth (2024:094:120000:1L),1
"New look at ‘MOANA 2’, set 3 years after the first movie.

In theaters on November 27.",1
"JUST IN: Apple exploring the creation of home robots as ""next big thing.""",2
"Estoy en USA y ha estado más veces en tendencia @shakira  que @beyonce esta semana en Twitter. Aunque amo a las dos, solo escribo para que vean la relevancia de Shakira aquí.",1
what if I said house of gucci has the best poster…,2
We need Katy’s documentary about what happened from 2017-2018,1
Katy Perry’s Teenage Dream album cover is actually a painting,1
coneheads!! join cone for a live q&a on @TalkShopLive now!! ⭐️ 🖤https://talkshop.live/watch/SLXv-rgKp6…,1
New Shakira collaboration on the way. Xx,1
nicki concert 10/10 ˗ˏˋ ★ ˎˊ˗,2
It’s been 4 years and you’re STILL a Brokie,0
I reiterate my firm call for an immediate ceasefire in the Gaza Strip. I express my deep sorrow for the volunteers who were killed while distributing humanitarian aid in Gaza. I pray for them and their families.,0
“IT’S TIME FOR KATYCATS TO MOVE” -@katyperry #justiceforkatyperry,1
Katchatheevu: Tiny Sri Lankan island sparks political row in India,1
"when gaga did house of gucci she got dragged for having an accent, for joker she's getting dragging for not having one",0
Gaga Daily would’ve loved today 🥺💔,2
"CRYING. OVER. THIS. 🥹💜 
we love you @ChappellRoan",2
"BIG BREAKING 🚨#Bitcoin to reach $150K by the end of this year, per Morgan Creek Capital Management CEO Mark Yusko",1
How FOX Sports’ Resident Deadheads Brought Jam Bands To Big Games,1
“Boys & Girls” foi a música que Conan levou mais tempo a fazer no álbum ‘Found Heaven’.,1
𝕏 is winning 🫡,2
Katchatheevu: Tiny Sri Lankan island sparks political row in India,1
"when gaga did house of gucci she got dragged for having an accent, for joker she's getting dragging for not having one",0
Gaga Daily would’ve loved today 🥺💔,2
“IT’S TIME FOR KATYCATS TO MOVE” -@katyperry #justiceforkatyperry,1
nicki concert 10/10 ˗ˏˋ ★ ˎˊ˗,2
It’s been 4 years and you’re STILL a Brokie,0
I reiterate my firm call for an immediate ceasefire in the Gaza Strip. I express my deep sorrow for the volunteers who were killed while distributing humanitarian aid in Gaza. I pray for them and their families.,0
Katy Perry’s Teenage Dream album cover is actually a painting,1
coneheads!! join cone for a live q&a on @TalkShopLive now!! ⭐️ 🖤https://talkshop.live/watch/SLXv-rgKp6…,1
New Shakira collaboration on the way. Xx,1
"JUST IN: Apple exploring the creation of home robots as ""next big thing.""",2
"Estoy en USA y ha estado más veces en tendencia @shakira  que @beyonce esta semana en Twitter. Aunque amo a las dos, solo escribo para que vean la relevancia de Shakira aquí.",1
what if I said house of gucci has the best poster…,2
We need Katy’s documentary about what happened from 2017-2018,1
"New look at ‘MOANA 2’, set 3 years after the first movie.

In theaters on November 27.",1
Taylor Swift Competing With Travis Kelce for a 2024 Webby Award: Full Nominations Announced,1
"Two margaritas deep, I heard a song playing called you can go your own way, and I was like wow they are really singing their ass off. Looked it up it’s two band members breaking up I am in TEARS! YOU CAN GO YOUR OWN WAY 😭😭 watched the live performance. he can’t even look at her",2
.@shakira’s ‘Las Mujeres Ya No Lloran’ hit number one on Top Latin Albums and Latin Pop Albums 💎,2
Sister ship @NASAVoyager 1 is 22h 32m 47s of light travel time from Earth (2024:094:120000:1L),1
Un fan de Karol G: ¿Pero cuántos streams de Spotify tiene Selena??? 😡,1
Justice for Katy Perry 💔😿,1
"Conan’s gonna be personally at the gates of the arena asking people if they are in a relationship and if they say yeah he’ll be like “good for you, get out.”",1
"USA Today attended @NICKIMINAJ's #GagCityDC and gave their review of her show:

— “For her first U.S. run in eight years, Minaj has crafted her most grandiose production…[she] is still the Queen of Rap for a reason.”",2
Nine Milestones Beyoncé Could Reach at 2025 Grammys,2
"Israel’s PM says its forces ""unintentionally hit innocent people"" in Gaza, after strike on aid workers kills seven 
 
Follow latest updates https://bbc.in/3VD3g80",0
The most sold car on planet earth in 2023 was a Tesla!,2
"Thanks to free media this particular chapter of the genocide in Palestine is happening in-front of everybody's eyes. 

Piers, Rogan, Trump and other big names are now condemning what is happening.

But on DAY ONE @Cobratate was telling Piers what would happen.

He knew.",0
When Barbie touch downnnn…🤪🩷@NICKIMINAJ I’m ready for you babes.,2
"Beyoncé’s ""Cowboy Carter"" is galloping to No. 1 in the U.K.",2
BREAKING NEWS 📰🚨#BITCOIN BULL RUN IS COMING 🐂THE #BITCOIN HALVING IS NOW ONLY ABOUT 17 DAYS AWAY. 👀🔥,2
"“Alguém disse ‘você vem ao Brasil?’. Eu espero que sim! Mas está fora do meu controle, infelizmente.” — Conan Gray ao vivo no Talk Shop Live.",1
I’m here! #GagCityBaltimore,2
"""Remembered as a hero""
 
Family pays tribute to James Kirby, one of three Britons killed in Israeli strike on Gaza aid convoy https://bbc.in/49CnXo5",1
The Everything App gets closer every single day. We’re building new ways for everyone to find community and connect to one another.,2
Feid Announces Joint Album With Yandel: Here’s What We Know,1
Which pussy can mek mi run?,1
Mi n di gyaldem x.com/AfricanHub_/st…,1
Some likkle gyal a stalk mi,1
".@katyperry's ""Never Really Over"" is now certified Diamond in Brazil. 🇧🇷",2
define cultural reset,1
does conan sell the found heaven necklace separately because i don't collect cds i'm a vinyl girlie,1
"First look at ‘MUFASA THE LION KING’.

In theaters on December 20",1
Funimation has officially closed,1
She sounds exactly like The Countess i am screaming,1
am i the only one that didn’t notice conan start singing a song from found heaven by accident during the live? the sheer panic in his eyes 😭,0
WHAT DOES IT MEAN,1
"JUST IN:

U.S. SEC Calls for Comments on Spot ETH ETFs",1
I don’t give a damn HOW pretty it is. Australia will NEVER see me!!!!,0
"🇺🇸 ‘Las Mujeres Ya No Lloran’ on US Billboard:

#1. Top Latin Albums
#1. Top Latin Pop Albums
#2. Top Album Sales
#2. Top Current Album Sales
#4. Top Vinyl Albums
#13. Billboard 200
#30. Top Streaming Albums",1
New look at ‘Moana 2’ out November 27th.,1
the sleeper hit of the year… this song watches those other “hits” come and go while it stays smashing on the charts😭,2
ATTA BABY @REALPACMAN24 ⛳️40 $500 WINNERS 💰💰🔘Repost this video🔘Reply saying something nice to somebody🔘Put the easiest way to pay you in the post as well#PMSLive,2
high heels on my tippies 💅🏼💝 #PinkFridayNails,2
Mediquen a shakMiley por favor. La pobre ya está en las drogas.,1
"JUST IN: 🇺🇸 US Government transfers 30,174 #Bitcoin worth $2.1 billion seized from Silk Road to Coinbase.",1
PlayStation 5 Deals: The Limited-Edition ‘Spider-Man 2’ Console Bundle Is $110 Off at Amazon,2
conan still being in a friend group with his ex oh my god,1
i don’t know how she’ll top this cover,0
Nah I love the Barbz fr,2
Chance The Rapper & Wife Kirsten Corley Announce Divorce After 5 Years of Marriage,1
"One child dead and two seriously wounded in Finland school shooting after pupil, 12, opened fire, police say",0
Community Notes now active on India!,1
Best concert EVER!! I cried danced and allllllll!!!!!!! 🦄🦄🦄 #GagCityBaltimore,2
CTS Eventim to Buy Vivendi’s Ticketing & Events Businesses,1
My PF2 tour FIT @NICKIMINAJ I am definitely permanently signing my contract as a resident into GAG CITY again amazing show,2
What’s Your Favorite Shakira No. 1 Billboard Latin Pop Airplay Hit? Vote!,1
Microsoft: Technology giant splits Teams and Office globally,1
BREAKING: Bloomberg is dying. 🪦Media sites are continuously experiencing a decline in traffic.,0
I am the most famous man in the world and avoid speaking to famous people because theyre all gay and weird.,0
"My analysis of the Putin interview.

I am only street smart.

Ive never professed to be anything else.

But these street smarts have taken me to the highest echelons of finance and fame without selling my soul, leaving me pitted in a mortal battle against The matrix for my very…",1
"If you wanna laugh just remember:

There is a “man” being cucked into buying a gift for the used, non-virgin women he’s dating for Valentine’s Day.",0
JUST IN: Coinbase partners with Lightspark to integrate #Bitcoin Lightning Network.,1
"Every Shakira Album, Ranked: Critic’s Picks",1
I would never recommend to any of my clients to do any sort of business with Pique.,0
Anyone from the UK here? Who is Lucien Laviscount’s ex and why is she writing a column in a British tabloid about Lucien and Shakira?,1
Look how she ate that 😭😭😭,0
boys & girls was the song that took him the longest to write…,1
if burgerdiseases is anything like affluenza im gonna scream,0
ALL THE RESULTS FROM THE FOUND HEAVEN QUIZ!!,1
There will never be more than 276^3 #bitcoin.,1
"Instagram? Down

Whatsapp? Down

Katy Perry: still standing 🙌🏻",2
"Where we're going, we don't need roads. 🚘@NASA has selected Intuitive Machines, Lunar Outpost, and Venturi Astrolab to advance capabilities for a lunar terrain vehicle that #Artemis astronauts will use to travel around the lunar surface.

READ MORE 👇",1
"La gira empieza en septiembre en US

Noviembre/Diciembre América del sur 

Bye 🏃🏻‍♂️",1
"Interesting 🤔 

And what’s going on with engineering?",1
Jimmy Butler update,1
WHAT. THE. FUCK.,0
"AGORA NOS CONTE UMA NOVIDADE... 

um jornalista disse que TUDO de ruim que aconteceu com a Katy Perry foi algo PLANEJADO. 

a Katy foi literalmente de uma hitmaker com 3 álbuns que MOLDARAM O POP pra vender 50.000 em uma semana com o último projeto. 

ok que MUITAS coisas…",1
"“Katy Perry is about 2 serve biggest musical comeback since Mariah Carey with The Emancipation of Mimi. Her latest album, mostly finished, has wowed music industry insiders: ""It's mostly a ‘return to form.’ ‘Songs are more mature, but have Katy Perry signature quirk.’ “

—…",2
Beyoncé’s ‘Cowboy Carter’ Songwriting Credits: Here’s Who Wrote Each Song,1
Witness is one of the best songs in Katy’s career. We all want to be seen and we all are looking for a witness in all this mess. @katyperry u genius,2
All I was trying to say is that her being ghetto or getting called ghetto doesn’t hinder her career. Essence wrote an article and asked why was my viral birthday trip not sponsored by any brands  and yall said it was because I’m “ Ghetto “ and not “ marketable “ so I’m giving an…,0
I was today years old when I found out Ethiopia is 8 years behind everyone else so it's currently 2016 there?! 😭😭😭,0
Oh my god BLACK?!,0
Reuters is dying 🔻,0
"In case you thought government trying to force home sales for “asylum seekers” was a myth, this is already happening in Britain!",0
"You can't win the game completely alone.

No one has.

Every great man always had other great men by their side.",1
Clothes of French toddler Emile Soleil found near remains in French Alps,1
#GagCityDc was a movie @NICKIMINAJ thank you🎀😩,2
"In a jail cell for an unknown period of time

Facing the largest of battles

It was the perfect time for any traitors on my team to betray me

But my team remained solid

Flawless

I am the perfect judge of character

Surrounded by impeccable men

Teams like mine cannot lose.",2
Lady Gaga’s most liked Instagram posts so far this year,2
Katy Perry x American Idol,1
20 million views for a POSTER from one twitter account in 24 hours is actually insane if you think about it,1
"Shakira dejando este planeta, después del mierdero que armó 🤣🤣🔥 te amo ❤️👑🚀🧨",2
Con mis Besties haciendo zoom a las gafas del reel de @shakira de cohete para saber quien la graba 🤭🤭🤭,1
Afrobeats star Davido to sue over Kenyan April Fool’s joke,1
Minnie took AWF 😭😭😭😭 y'all not about to see her minussy out like that,0
"Wow, 5 million followers! I remain so grateful to each and every one of you for supporting me on this journey and for believing in me through every life transition. 

Thank you all 🙏",2
Theyre in trouble...,0
"""Shoesday Tuesday"" – Áudio de Daisy Dove em nova publicação da Katy Perry Collections. 😍",2
"joker trailer didn’t release yet, we’re not even close to october and we’re already defending gaga for this harley role.. we’ve got a big storm coming.",1
"I’ve seen @NICKIMINAJ twice!
Tonight in Bmore and last night in DC
I can say unequivocally that I MUST SEE HER AGAIN BUT FRONT ROW FROM NOW ON!
I WILL forever remember these past two nights!
She’s the undeniable Queen of Rap!
Her fanbase is unmatched!
I’m hooked!",2
conan fans when they remember conan is a male 😭😭😭😭😭,1
the fact that conan is still in the same friend group with his ex GIRL LEAVEEEE IF I WERE HIM I WOULDNT TAKE IT ANYMORE ESPECIALLY HOW AWKWARD THAT COULD BE,0
i think conan started singing one of the songs cause he started singing and then made wide eyes and then stopped LMFAO,1
"Artistas femininas internacionais que venderam mais álbuns no Brasil (pure) 📊🇧🇷#1. Madonna - 5.8M
#2. Enya - 2.6M
#3. Mariah Carey - 2.11M
#4. Shakira - 2.1M
#5. Celine Dion - 1.8M",1
The former President of PayPal is now helping the largest US #Bitcoin exchange integrate the Lightning Network ⚡️Bullish 🚀,2
Katy Perry and Jojo Siwa 😭,1
the fact that Tony kept all these cards from Gaga I’m so emo😭,0
How Interscope Pioneered the Modern Label’s Approach to Sports,1
"Las únicas, que les quede claro la diferencia entre moda pasajera y leyenda.",1
the last signed copies of found heaven are available here ⭐️https://talkshop.live/watch/SLXv-mngKp6u…,1
"🇺🇸 ‘Las Mujeres Ya No Lloran’ Song Peaks on US Billboard Latin Airplay Chart:  

#1. Bzrp Music Sessions, Vol. 53 
#1. Copa Vacía
#1. El Jefe
#1. Monotonía
#1. Puntería
#1. Te Felicito
#1. TQG
#11. Acróstico
#12. (Entre Paréntesis)",1
i love the one that actually looks mentally ill,2
Shakira New Tour - Announcement this Month,1
A Star Is Born. House of Gucci. Joker II. Lady Gaga conquering Hollywood is just insane. 😭,0
SHAKIRA HAS ME DEAD HERE 😂💀,0
Delete all Meta apps.,0
Katy Perry deserves respect.,2
Les recomiendo a todos que se registren e la página de Shak… 💋,1
Golden Globes Sign Five-Year Deal With CBS; Here Are All the Key Dates for the 2025 Show,1
"Media: The demand for Tesla products is fading.

Reality: Tesla Model Y was the best selling car on Earth in 2023.",2
Roofs blown away and trees uprooted after US storms,0
#GagCityBaltimore #GAGCITY 🎀💓,2
"This is so wrong, too. Netanyahu is trying to prevent Israelis from seeing the reality on the ground in Gaza. That’s what autocrats do, not democratic leaders.",0
Do you condemn Israel?,1
There’s An Extended Episode of ‘Vanderpump Rules’ Online -- Here’s How to Watch & Stream the Show Without Cable,1
"𝕮𝖔𝖘𝖒𝖎𝖈 𝕮𝖍𝖗𝖔𝖓𝖎𝖈𝖑𝖊𝖘
SpaceX Achieves Ambitious Goal: 12 Falcon 9 Missions in a Single Month

In pursuit of its ambitious objective to conduct 150 missions in 2024, SpaceX has reached a significant milestone by completing 12 Falcon 9 missions in a single month. SpaceX…",2
Microsoft splits Teams and Office globally,1
Hard to kill.,0
#GagCityBaltimore #GAGCITY 🥰🩷 we love you #NickiMinaj,2
"Elon Musk at the screening of ""A Brief History Of The Future"" in New York",1
i think bourgeoisieses is supposed to be a mashup of the words “bourgeoisie” and “diseases” kinda like affluenza being a mix of “affluence” and “influenza”,0
"Está divina, ya no es la misma que cuando estaba con Piqué, reina.",1
Hello 1.4B people - welcome to @CommunityNotes!,2
"""Judas"" received 492,957 streams this Tuesday 🌟🖤",2
"Inside the ‘Evolution’ of Record Label Radio Staffs, as Layoffs Hit Promotions Departments Hard",1
"Other notable adds on US Rhythmic Radio this week

•Enough (Miami) @iamcardib (3)
•Get It Sexyy @SexyyRed314_ (3)
•Punteria @shakira ft. @iamcardib (3)
•Spaghettii @Beyonce ft. #LindaMartell & @ShaboozeysJeans (1)
•Tyrant @Beyonce ft. @DollyParton (1)
•Ya Ya @Beyonce (1)…",1
some of y’all were really expecting her to sound like this in a movie as serious as joker 😭😭,0
WAIT SO IT IS THE FINAL FLIGHT??????,1
"This morning, at the gas station, there was a guy in front of me trying to get $4 worth of gas. His card kept getting declined and you could see how embarrassed he was. After the third time of watching this happen I decided to jump in and offer to pay for his gas… except I…",0
HE SAID NO CONMENTS TO BOYS & GIRLS BRUH WTF,0
When Richard said he was going to retire soon in season 1,1
"Joker: Folie à Deux, featuring Joaquin Phoenix and Lady Gaga, has been given an R rating due to:

- Occasional instances of strong violence
- Frequent use of explicit language
- Depictions of sexuality
- Brief scenes of full nudity",1
this is actually nuts LMAO,0
‘Las Mujeres Ya No Lloran’ de Shakira debuta en el No. 1 de Top Latin Albums y Latin Pop Albums,1
Después de US el país que más tendrá fechas será México 🇲🇽 hablan de unas 8 en dicho país 😳,1
"Mental fragility is promoted at every opportunity and people wonder why depression increases.  

Because it’s taboo to tell people to think stronger, be stronger or act stronger.  

We’re told to cave instantly to all of our emotions all of the time.  

It’s dangerous.",0
conan was at billie’s party…no photo….conan met his lost twin dua…no photo…conan met lorde…no photo…,1
"Looks like that LG7 process is going in reverse, she was recording in January, mastering in February and... writing in March???, Gaga what's happening?",1
Puntería de Shakira & Cardi B... 🎯🏹#3 en tendencia de música!😭👑,2
We’re tipping our hats to #KatyPerry’s look at the #iHeartAwards2024. 😉,2
"I don’t believe most presidential polls, partly because I’ve personally NEVER been polled in my entire life — not even once. 

How about you — have you ever been polled about who you support for president? 🤔",0
Katy Perry for the next episode of American Idol.,1
JUST IN: Coinbase to integrate #BTC Lightning Network!,1
GM,1
Must-Have Makeup: 9 New Beauty Products to Buy for Spring 2024,2
Republican Speaker Johnson makes fresh push for Ukraine aid,1
oh bitch she ate it up times 10 tonight for baltimore,0
"From William Wallace screaming ""FREEDOM"" to being afraid of words.

Scots, what happened?",0
Doge is Everywhere 🌍💫,2
Usher Reveals His Super Bowl Strategy — And The Halftime Veteran Who ‘Gave Me Some Notes’,1
Kirsten Dunst: 'I didn't even think to ask for equal pay',0
"Is it Gods will for you to demonstrate that you have no souls?

Were you chosen by God to show that you’re heartless monsters?

Is it Gods intention for the entire world to be disgusted by your actions?",0
Nicki has arrived on stage in #GagCityDC,1
.@taylorswift13's Songwriting and Production Analyzed: 13 Secrets to Her Chart Success,1
Shakira is set to appear on ‘Hot Ones’ this Thursday.,1
"‘JOKER: FOLIE À DEUX’ has been rated R for “some strong violence, language throughout, some sexuality, and brief full nudity.”

In theaters October 4, 2024.",0
".@katyperry's ""Never Really Over"" is now certified Diamond in Brazil.",2
"We're looking for a designer/frontend engineer to join the London team. If you're great at UI design and you can implement your designs in React, please apply so we can pixel-peep together.",2
Yo defendiendo cualquier cosa que diga o haga Shakira:,1
"“(Entre Paréntesis)” by Shakira and Grupo Frontera has reached 10 million views on YouTube, but deserves waayyyyyy more. 🤠 Watch → http://youtu.be/PEgoHBnZXzE",2
"""Lady Gaga iS dEsPeRaTe FoR ThAt OsCaR""

Meanwhile Lady Gaga",1
"forget first episode, glee got me from its very first line",2
"Previous version of FSD have had a very hard time dealing with this kind of stuff.

FSD 12 nailed it.",1
Now Amanda can hear the news,1
JUST IN: 🇺🇸 FED Chair Jerome Powell says don't expect interest rate cuts until more confidence on inflation.,1
170 DIAS!!! @KATYPERRY X @ROCKINRIO 🦋,2
Lady Gaga said ░MY░PUSSY░IN░BIO░,1
"Momento em que Conan Gray mostra uma das páginas do encarte do ‘Found Heaven’ que explica o símbolo do álbum. 

""Uma gota para as lágrimas, uma estrela para a magia. Nada aconteceu como você imaginou, mas você encontrou o paraíso""",1
Not Shakira dragging North Americans’ uncultured asses 😭,0
China property giant Country Garden suspends shares in Hong Kong,1
Katy Perry x American Idol,1
"JUST IN: 🇺🇸 BlackRock and Fidelity now own a combined 402,697 #BTC worth $26.7 billion for their spot #Bitcoin ETFs 👀",1
Every change to our voting system seems designed to make it harder to know if cheating happened.,0
i’m loving the friendship of sza & katy perry,2
the way you guys use Mexican as an insult is fucking weird,0
Silver is up 8% in a week. And here is a video of the “genius” inventor of ethereum. Call me crazy but I’m sticking with the store of wealth from back in the far before time when mental illness wasn’t praised as a virtue.,1
You’re right on a lot but wrong on crypto,1
The upcoming Cheech & Chong MW3 & Warzone Operator Bundle has a weapon tracer that will turn enemies into joints.,1
Get yours at http://topg.com unless youre gay.,1
Dua Lipa Teases Snippets of New Album ‘Radical Optimism’: ‘It’s the Beauty of the Chaos’,1
"Florida's top court ushers in six-week abortion ban, but voters will have their say",1
About to go on station head to give out tkts,1
YG and His 4Hunnid Label Partner With BMG,1
"""This is a battle for the future of civilization. If free speech is lost even in America, tyranny is all that lies ahead.""",0
"This Playlist is designed to give you POWER.

FIRE BLOOD.

BADMANNNN RIDDIMS

The Power is GUARANTEED.

But what will you use this power for?

This Playlist holds some of the exact RIDDIMS I listened to on my ascent to 4x World Champion.

It holds the music that powered up my…",2
Man charged with murder of Irish woman in New York,0
Baltimore did they big one with the Barbie Dangerous Lemon Drop 😭 #GagCityBaltimore,1
Save the date! #BillboardLatinWeek is returning to Miami this October. 😎🌴,2
"“Whenever, Wherever” had its biggest streaming day of 2024 on Spotify yesterday (479,768 streams), and “La Tortura” had its biggest streaming day ever on the platform (408,059).

[source: @Shakira_Vitium]",2
Lady Gaga screaming “JOKERS” two days after she announced she was going to be in Joker 2… so iconic,2
Could Ethiopian emperor’s stolen clothes be found in Manchester?,1
Kirsten Dunst on Jonathan Glazer’s Oscars speech: “My interpretation was he was saying that genocide is bad.” https://wp.me/pc8uak-1lDWTx,1
"🚨 🚨 🚨 🚨 🚨 🚨 🚨 🚨 🚨 🚨  4,824 #BTC (317,962,687 USD) transferred from unknown wallet to Coinbase Institutionalhttps://whale-alert.io/transaction/bitcoin/9a4c7bf86a8b2dabd9755bc282f57ef2b49c85168c137fe1a2458011cad952dd…",1
conan is getting 2 streams for found heaven,1
we're literally in 4 different eras currently,1
"This song is so hated in this fandom, but it's a fuking masterpiece",0
"""Sunlight is the best disinfectant.""",2
the final fight is about wishing you were the one that said the last thing before the relationship ended so i guess that’s why it’s so short i imagine it like a back and forth and then it ends abruptly cuz he didn’t got the last word so you just listen to it again and again,1
"If anybody needs Elmo, Elmo will be right here coloring! 🖍️👍",2
highkey need gaga to do some comedy after the joker 2 cycle,1
de lo mio 💋🇩🇴,2
THE WAY IT LOOKS LIKE THEYRE ON A STAGE WITH A SPOTLIGHT ON THEM BUT ITS ACTUALLY LIGHT FROM A PRISON WINDOW OH TODD YOUR MIND…,1
"‘They met in a diner in Ft. Lauderdale, a greasy spoon that Trump knew well. He would often send a flunky there for chili fries ‘best ones south of Palm Beach’ he liked to say. He was a connoisseur of salt & fat. His two fav food groups. For someone who sculpted his…",1
This been making me fall out 😭,0
The start of today's game will be delayed. Further updates will be provided as they become available.,1
All you got to do is smile that smile❤️,2
The Secrets Behind the Best Sports Synchs,1
Nicki you really GAGGED ME ! 💖🦄I love you so much . See you tomorrow 🥹 @NICKIMINAJ #GAGCITY #GagCityDC,2
it’s starting to sink in conan album so soon guys oh my word,2
"Many people can’t comprehend how you can have a relationship with God and not be religious. But the truth is, many of us got much closer to God once we evolved beyond organized religion.",2
Best part of this picture is being around all the @SpaceX team that makes commercial missions like @PolarisProgram possible.,2
LOCAL ARTIST IN KENYA PRODUCE ARTWORK OF TATE BROTHERS ON A VAN USED FOR FOOD AID@Cobratate @TateTheTalisman,1
"Twitter 1.0 - Where everyone made money, except the content creators & the advertising companies.

𝕏 - Where revenue sharing with creators, & high conversions for the advertising companies, are the top priorities.",2
Rod Wave Arrested on Weapons Charges as Police Accuse Him of Ties to Florida Gang Shooting,0
Josh Allen now gets the chance to prove he doesn’t need Stefon Diggs anymore just like Patrick Mahomes proved he didn’t need Tyreek Hill.,1
I still believe that all the best bangers are ahead of us.,2
Billie Eilish and Nicki Minaj want stop to 'predatory' music AI,1
"Billboard Bubbling Under Hot 100: #20(new) (Entre Paréntesis), @Shakira and Grupo Frontera.",1
"Wasn’t nervous tonight. 
Thank you for that #GAGCITYDC #GAGCITYDMV 
When you can do that for a person, you have a real light 
w/in you. God bless you all. 

This show was EFFING INCREDIBLE. IDC IDC IDFCCCC

And the REALEST N!gg@ of ALL time blessed us AGAIN!!!!!@50cent 🙏🏽🏆♥️",2
Lady Gaga updates her bio on Instagram.,1
"Olive Garden and LongHorn Steakhouse have reported last week that households with incomes above $150,000 had more transactions at its restaurants in the most recent quarter than a year ago, whereas transactions among those making less than $50,000 fell, per Axios.",1
Consistency is incredibly valuable,2
"ASIB: “she’s just playing herself”
HOG: “the accent is wrong”
J2: “she’s using her normal voice” 

Y’all are DRAINING",0
does any one know where i could find some Unsolicited advice? preferably from people with weird personality disorders who dont know anything,0
"in retrospect, calling the never ending song grocery store “food heaven” was insane",0
"Fun fact

In the movie The Matrix, Neo's passport has an expiration date set to 9/11/2001",1
We can have equal treatment or equal outcomes. Pick one.,1
"“Nothing can make you happier than having kids”
 - Elon Musk",2
No,1
Billionaires with the guts to stand up against woke mobs:@elonmusk@jk_rowlingIs there anybody else?,1
neither of these two ever sign up for a normal movie so this is gonna be the most heart-wrenching love story of all time trust and believe,2
"IT'S ON! 💥 @erakulis_app is a project very close to my heart. Born from my desire to promote a balanced and healthy lifestyle for everyone. Now, the tools to care for your body and mind are right at your fingertips!

Find out more: http://erakulis.com",2
"Julia Garner has been cast as a female Silver Surfer in ‘FANTASTIC FOUR’.

(Source: Deadline)",1
"Immediately following the initial attacks on the World Trade Center, tunnels were closed, and traffic fleeing Manhattan via bridges reached a standstill. 

Many civilians, especially in those neighborhoods closest to the attacks, were desperate to escape the island but had no way…",0
"Netanyahu is a fucking monster.

That's the tweet.",0
the fact that he confirmed that he signed all of the cds and vinyls on his couch is so☹️☹️ conan you are so loved,2
"Just lectured my son about misplacing his glasses while he was anxiously looking for them. 

He said, mommy you’re making me more nervous. Can we talk afterwards. 

Good for him because I was wrong. I aided in his dysregulation. I mess up, too.",0
JUST IN: Cathie Wood’s ARK Invest says #Bitcoin“is an insurance policy against rouge regimes.”,1
Man is going viral for saying that Soulja Boy is more of a rap legend than Nipsey Hussle.,1
lady gaga movies poster,1
We love and support you Elon 🤗,2
"If the Left is so dumb, why do they keep winning the most important elections",0
NEWS 🚨: NASA's Parker Solar Probe makes 1st-of-its-kind observation within a coronal mass ejection,1
"emma watson & rupert grint meeting shakira, 2002",1
Rod Wave was arrested today for possession of a firearm by a convicted felon.,0
.@katyperry in new promotional photos for @AmericanIdol 🌺,1
"Beyoncé’s ""Texas Hold ‘Em"" is on the rebound in the U.K.",2
Al Hilal: Sudanese champions play on 'to distract people from war',0
like she ate this! #GagCityBaltimore NICKI I LOVE YOU !,2
"I remember 2 years ago when I bought a 5,4million dollar Bugatti it was a big deal.

Now I have 75,000,000 dollars of cars in the middle of a global bank freeze Matrix attack and dont even give a fuck.

I own the largest online http://university.com in the world.

Its amazing…",2
Andrew Tate - Midnight Drive,1
GM,1
Latin Music Week Returns to Miami In October 2024 🌴 #LatinMusicWeek,1
Horse airlifted after nearly 24 hours stuck in a river,0
Nicki Minaj brings out her artist Tate Kobang (@1buttnaked) to perform “RNB” and “Bankrolls” in his hometown Baltimore 🔥,2
"Tip Jar will be soon available on web. It will significantly benefit creators on the platform.

via @nima_owji",2
Why This Company Wants To Recycle Instrument Strings Across the Globe,1
Politicians condemn disorder after Derry parade,0
The Last Goodbye: Los Temerarios Close 40-Year Career With Record-Setting Tour,1
"i wonder what will be the canonical explanation for why Gaga’s Harley is blonde with brunette roots

does Harley happen to like bleaching her hair just like Stefani does? 

does she change her hair because Arthur is into blondes?",1
THEY KNEW US TOOOO WELL,1
FINALLYYY those messy highlights are out the wayyyy,1
When I learned this scene was based on a true story I almost threw up…,1
Miley Cyrus and Post Malone are rumored to have a collaboration in the works.,1
Same vibes,1
"“The first person who benefits from an act of charity is the benefactor himself, by seeing the changes in himself and in his manners, by finding peace, by watching a smile form on the lips of another person.”",2
"BREAKING:

President Trump said ""When I win, tax cuts for all and an economic boom!""",2
"“Sim, você faz tudo. 🖤🔥”

— Orlando Bloom deixou um comentário no post de Katy Perry via Instagram.",1
"KP6:

- 500k copies sold in its first week 
- 5 deluxe versions and alternate covers 
- fraudulent radio play and streams 
- satanic accusations 
- 6 tv performances 
- 4 viral songs 
- 3 #1 hits 
- streaming farms",1
"I STILL can’t believe it’s over, this was truly one of the most memorable nights. I loved every second, every moment. Thank you to all the barbs who’ve been so supportive and true to themselves you all are the best I love you guys ☁️🩷 #gagcitydc #gagcitydmv @NICKIMINAJ",2
"Os fãs da Karol G arrumando treta com os da Shakira: 

Fãs da Karol G, mantenham seus pés no chão! Shakira já fez diversos shows no brasil em ESTÁDIOS com ingressos SOLD OUT. 

Karol G por sua vez está com os ingressos ENCALHADOS e ainda não são shows em estádios ou arenas.",1
"Yup. I’m that journalist! Both HuffPost & Observer are FANTASTIC news outlets. My condemnation for generating hate clicks against Perry was for my former self, not these great news outlets.",2
Americans are the only ones who cares about accent like what the fuck is a New York accent y'all fuckers sounds the same,0
DAISY DOVE????,1
Grateful for these last four years and excited for this next chapter. #BAYOUBARBIEOUT,2
Lady Gaga at the Venice Film Festival (2018),1
Joker has been portrayed by numerous male actors and nobody had an issue with it. Y’all always feel entitled to these opinions when it comes to female characters. Just say you love to pit women against each other and go.,1
the dead wife at the beginning of the movie,1
Jon Bernthal shares a new ‘DAREDEVIL BORN AGAIN’ BTS photo with Charlie Cox and Deborah Ann Woll,1
BREAKING: Judge denies Trump immunity claim in hush money case.,1
.@munilong Is ‘Made for’ No. 1 on R&B/Hip-Hop Airplay Chart,1
😭😭😭😭😭,0
What Will It Take To Get the Music Industry to Go Green? Live Veteran Amy Morrison Has Ideas,1
Student escapes Sudan war to start university course,1
This has to be one of my fav segments of the show 🥹 she knows how to speak to the soul 🩷 #GagCityBaltimore,2
A Complete Guide to Every 2024 Coachella Party & Event (Updating),1
Marc Brys: Appointment of new Cameroon boss surprises country's FA,1
"SHAGGY THE GOAT Part 2 | Tate Confidential Ep 225

Watch now:",1
Watch the full Tate Confidential episode exclusively on Rumble:,1
Hot 100 First-Timers: Artemas Debuts With Viral Hit ‘I Like the Way You Kiss Me’,1
🩷,1
This graph now has more views than his last 3 episodes combined. ☠️,2
Actor and comedian Joe Flaherty dead at 82,1
Here Are the Lyrics to Shakira & Cardi B’s Flirty ‘Punteria’ Translated to English,1
"Algo así me imagino el próximo Tour...se que hay varias que pueden parecer utópicas...pero bueno, quien sabe.🤔✨🌎💃   @shakira hazlo reina!! 👑",1
How Big a First Week Will Beyoncé Lasso With ‘Cowboy Carter’?,1
"Please pray for Xavier. He’s in surgery right now to remove the neuroblastoma cancer from his chest and spine.

Thank you all for loving our boy.#XaviersFight 💜🎗️💛",2
"First clip from ‘THE BEAR’ Season 3

Releasing in June on Hulu.",1
Can’t believe this was the era when little monsters abandoned her…,0
this actually changed the evolution of editing this is why tiktok edits are the way they are today,2
My opinion of Colorado State University just increased.,2
"NEWS: Cathie Wood says she still has a $2,000 price target for $TSLA shares.

“Now is not the time to run for the hills,” she said on CNBC.",1
ariana has blocked a fan because they uploaded a post with a taylor drag!,0
Thank you @katyperry for this hot girl tip of the day! 😂🩷 #iHeartAwards2024,2
“Swifties only hate Kanye bc of Taylor” no we hate him bc he’s a vile human and what he did to Taylor is a reflection of that,0
lady gaga explaining the plot of joker 2,1
"At 24, Shakira created this worldwide hit that everybody remembers to this day.

Now, at that age (or even older), you are dragging her on the internet and no one will remember that 😘",1
Boy's message in a bottle found in Denmark,1
"💕 #GAGCITYDC was def one of them ones. All the right clothing, etc.",2
Signed: Lewis Capaldi Connects With PPL; Lil Mosey Synchs Up With Cinq,1
this is actually insane.,0
🚨 | Conan Gray’s upcoming album “Found Heaven” is 36:42 minutes long. There are 13 tracks on the album including 5 earlier released songs.❗️The album comes out TOMORROW!,1
".@shakira makes history this week, thanks to her new album ‘Las Mujeres Ya No Lloran.’

The set debuts at No. 1 on the #TopLatinAlbums chart, becoming her seventh No. 1. She ties @jennirivera and @SelenaLaLeyenda for the most in history among women.

Details:…",2
"O jornalista ‘MisterD’ sobre o grande retorno de Katy Perry:

“[...]. Seu novo álbum, está quase pronto e impressionou os especialistas do setor musical: “É principalmente um retorno à origem. As músicas são mais maduras, mas têm a assinatura única de Katy.”",1
Estoy mono 😍 que nadie me hable!@shakira #LasMujeresYaNoLloran #LMYNL ¡En mis manos al fin! 😭😍,2
What Does a Head of Sustainability In the Music Business Actually Do?,1
"Travis when he read  
“Happy belated Independence Day from your local neighborhood independent girlies 😎See you tonight Kansas Cityy”",2
listen guys i fear we ate,0
Rebel Wilson Believes Adele ‘Hates’ Her Because of ‘Fat Amy’ Comparisons: ‘People Would Confuse Us’,0
Solar eclipse path: A guide on where and how to watch it in North America,1
"John Sinclair, Former MC5 Manager and Activist, Dies at 82",0
"Told you so, Barbz. Love you",2
"Finland shooting: Child, 13, wounds three in Vantaa school shooting",0
"Jordan Davis, Morgan Wallen & Big Loud Publishing Lead 2024 AIMP Nashville Country Awards Honorees",1
"I may be a tall, sexy, genius-level IQ, humble, BILLIONAIRE.

But that doesn't mean I am one of those elitist snobs, I sometimes wash one of my 63 supercars myself.

Top G.

The G stands for Man of the People.",1
#GagCityDC 💖🤍 @NICKIMINAJ love you long time!,2
Simon Coveney stepping down from Irish Cabinet,1
"Bizarrap’s Best Music Sessions, Ranked: Critics’ Picks",2
"A History of Disses at No. 1 on the Billboard Hot 100, From ‘You’re So Vain’ to ‘Like That’",1
"Lil Yachty, Who Worked at McDonald’s As a Teen, Stars in a New Ad for the Golden Arches",1
Arthur Wharton: Preston North End honours trailblazing black footballer,1
"It’s crazy because when I became famous people said I’m ghetto, talked shit about my accent, call me dumb because the way I speak, say I got no couth, talk about my teeth , my braids, my two buns… and to this day no matter what I accomplished I still get called a stripper all…",0
"Musicians Vote to Ratify New Contract With Film Studios, Including Streaming Residuals",1
"O filme “Lilo Lilo Crocodilo”, dublado por Shawn Mendes, chegará na @PrimeVideoBR dia 30 de abril! #LyleLyleCrocodile",1
They got us before we even got in😭🩷 #GagCityBaltimore @kash_leeda @lifeewithsav,0
The Houston Texans have a Top __ offense,2
belt on Nike tech is CRAZY,1
"Beyoncé’s ‘Cowboy Carter’ Legendary Inspirations & New Collaborators All Up in Streams: Linda Martell, Dolly Parton, Brittney Spencer & More",2
TOMORROW FOUND HEAVEN RELEASES!!! flashback to the beginning of this current era... where were you when this dropped? cause lives were changed that day,1
ice spice was hanging with cardi and taking pictures?,1
.@StevenVictor on Changing ‘How the Modern Athlete Looks Tomorrow’ With His Expansion Into Sports Management,1
This is insufferable. Literally keep it to yourself. I legit could never go out to eat or be around someone like this. I don’t care about your disordered relationship with food. Shut up.,0
How to Watch Women’s March Madness 2024 Final Four Games Online Without Cable,1
Here Are the 6 Best Earplugs to Help Protect Your Hearing at Concerts,2
"ALERT:  New York judge Juan Merchan denies Trump claim of presidential immunity in NY criminal case. 

Judge says, among other things, Trump “had myriad opportunities to raise the claim of presidential immunity well before March 7”",1
YG Entertainment Names Yang Min-seok Sole CEO,1
Yo @UberEats @Uber_Support I’ve never seen worse customer service in my life.,0
"Jean-Paul Vignon, Stylish French Vocalist & Actor, Dies at 89",1
and if i say his whole discography,1
.@shakira's ‘Las Mujeres Ya No Lloran’ Storms In at No. 1 on Top Latin Albums and Latin Pop Albums,1
"Three station crew members, including @NASA astronaut Loral O'Hara, are scheduled to begin their return to Earth on Friday, April 5. NASA TV will provide live coverage of their departure and landing.",1
this is the most popstar someone has pop starred in recent years 😭,2
Kanye West Sued by Ex-Donda Academy Staffer Who Says Rapper Threatened to Lock Students in Cages,0
Watch: Taiwan earthquake shakes man in rooftop pool,1
Sabrina Carpenter Channels the ’90s for SKIMS’ Sultry Underwear Campaign,1
17 SOLD OUT SHOWS 🎀🦄 come thru  #GagCityBaltimore #PinkFriday2Tour #PinkFriday2 #NickiMinaj NICKI ITS YO WORLD 🌎 AINT IT 💘🦄,2
"Three of the seven aid workers killed in Israeli strike in Gaza were British, charity World Central Kitchen confirmshttps://bbc.in/3vxW0jd",0
Travis Kelce Shares What He’s Learned From Taylor Swift About Music: ‘It’s Very Eye-Opening’,1
I kinda agree 🫠😩🙏🏽🛸🌃,2
MGK Shares the Lengthy Process of Getting a Blackout Tattoo,1
Thousands brave rain for White House Easter egg roll,1
Spotify Plans More Price Increases in 2024: Report,1
"Casey Wasserman on Music, Sports & the ‘False Theory’ of Stars Who Can Do Both",1
i'm so not ready for miss you oh my god. it's about him reflecting on the people he liked before in the past which only made him realize that he missed the way these past crushes treated him than the ex he was currently dating at the time?!?!?,0
Nosiviwe Mapisa-Nqakula: South Africa parliament speaker resigns over corruption probe,1
These Are the Sports Anthems of the Future,1
The first trailer for ‘Joker 2’ starring Joaquin Phoenix and Lady Gaga will be released on April 9th.,1
THE DESCRIPTION FOR ALLEY ROSE,1
"Pharrell Faces Neptunes Dispute, Lucian Grainge Blasts Diddy Claims & More Top Music Law News",1
"‘Joker: Folie à Deux’ starring Joaquin Phoenix & Lady Gaga is rated R for:

• some strong violence
• language throughout
• some sexuality
• brief full nudity",1
Rabbit emerges from the ocean. I have now seen everything I need to see in life.,2
Boof+Barbz= PERFECTION 💪🏽,2
Eu fico chocado com a Katy Perry sendo tão carismática e legal com as outras artistas da indústria... Ela é tão querida e meiga né?,1
The Red Clay Strays Set European Concert Dates,1
#CTESPN had it first 📈🎬Most trusted source in all of sports,2
Travis Kelce Says So Far This Year He’s the ‘Happiest I’ve Ever Been’,2
"""If civilization doesn't grow, nothing else matters.""",0
Drew Goddard is set to write & direct a new ‘MATRIX’ movie.,1
AHHHHH BOURGEOUSIESES IS AFFLUENZA PT2 CONFIRMED,2
Frank Ocean’s ‘Lost’ Hits 1 Billion Spotify Streams,1
The Unlikely Rise of Nebulossa: From Running a Beauty Clinic to Representing Spain at Eurovision,1
"“Harleys In Hawaii”, de Katy Perry, ultrapassou a marca de 500 MILHÕES de streams no Spotify. 🌺",1
"From Queen to Lil Jon, How Sports Anthems Are Born",1
"& now a special announcement from this week’s guest on @hotones, @shakira. 🔥",2
"Obsessed with this photo series called ""From Window"" by Masahisa Fukase. He took photos of his wife from their apartment window almost everyday as she left 🥹",1
Nicole Richie & Joel Madden’s Kids Are Their Parents’ Lookalikes at Red Carpet Debut,1
"Keityn, Feid & More Honored at 2024 ASCAP Latin Music Awards: Complete Winners List",1
Father of crash victims tells funeral his world is 'now so empty',0
.@Tyllaaaaaaa's ‘Water’ Surges to No. 1 on Hot R&B Songs Chart,2
vocals !!!!!! #GagCityDC,1
German trial witness says he saw Madeleine McCann suspect in rape videos,1
Taylor Swift Is Getting Her Own SiriusXM Radio Channel: Here’s How to Tune In,1
Dozens dead in Istanbul nightclub fire,0
".@KenBurns Talks Beyoncé’s ‘Cowboy Carter,’ Compares New Album to Beatles’ ‘White Album’: ‘She’s Got Guts!’",1
Ppl spending their hard earned money baby. You betta f$&!ng believe it!!!!!! 🙏🏽🫶🏽🫵,2
"Travis Kelce Opens Up About 2024 Kelce Jam Music Festival, His ‘Last Hoo-rah’ Post-Super Bowl",1
Ukraine war: Deepest Ukraine drone attack into Russian territory injures 12,0
Hot 100 First-Timers: Tito Double P & Joel De La P Arrive With Peso Pluma Collab ‘La People II’,1
‘ALIEN’ will re-release in theaters on April 26,1
Taylor Swift and SZA were among the record-setters at the 2024 #iHeartAwards.,2
"“Harleys In Hawaii” by Katy Perry has reached 500 MILLION streams on Spotify.

It’s her 15th song to achieve this.",2
".@chelseacutler Opens Up About Her ‘Yellowstone’ Themed Album ‘Stellaria,’ Mental Health & More",1
"🇷🇴 | ""Chantaje (feat. Maluma)"" debuta en el Top 200 de Spotify Rumania (#185) a 7 años de su lanzamiento

✶ Es la 6° canción de @Shakira en el chart y el 55 país en el que ingresó",1
remembering that after friday we won’t have new music for about a year,1
"NEW: #Bitcoin ETFs saw a record volume of $111 BILLION in March.

That's TRIPLE the inflows from February  🤯",2
Eminem Pranks Fans With April Fools’ Day Album Announcement,1
Meet the Major League Executives Bringing Music to Sports,1
".@fireboydml has major plans for 2024 👀 He teases his next album, going on tour & diving into acting with #BillboardNews.

Watch his full interview: http://blbrd.cm/5vh5zha",2
We have an incredible team of engineers building the App that will change.... Everything.,2
.@patrickmayberry Takes ‘Lead’ on Christian Airplay Chart for First Time: ‘I Hope the Message Keeps Going’,1
full nudityyy and it better be from ga,1
".@ericchurch on New Whiskey JYPSI Release, Upcoming Nashville Residency: ‘It Was Important to Us That We Could Be Creative’",2
Google to delete records from Incognito tracking,1
joker                                      joker 2,1
Venice Launches New ‘Career Assistant’ Tool for Artists,1
this was sooo…,1
"The 10-member space station crew worked on cargo, spacesuits, and human research on Tuesday as weekend crew departure preps continue.",1
"The Polaris Dawn Dragon is headed to vacuum chamber testing! SpaceX teams celebrate Dragon's departure with @rookisaacman, @KiddPoteet, @Gillis_SarahE, and @annawmenon ahead of launching to orbit this summer",2
The Cast Of Real Housewives of Potomac are in gag city tonight!#RHOP#GagCityDC,1
Kristen Wiig’s Old ‘SNL’ Dressing Room Gets Completely Taken Over in New Promo,1
Soca Superstar @Kestheband Breaks Down Five Favorite Tracks From First Album in 10 Years: ‘It’s Time to Position Ourselves in a Global Way’,1
Bassirou Diomaye Faye: Senegal election offers hope to frustrated young Africans,1
There was plenty of drama when Ziggy and Mackenzie Sol entered a sing-off on #AmericanIdol.,1
🩷🙏🏽,2
Louis Conter: Last survivor of attack on Pearl Harbor ship dies aged 102,0
Lizard Eliminated After ‘Sink or Swim’ Experience on ‘The Masked Singer’: ‘I’m Not Used to Losing’,1
At least 29 people now confirmed to have died in fire at Istanbul nightclub undergoing renovations,0
20 Best Travel Deals to Help You Get Away on a Budget,2
"QGTM!!!! History in the 
f$&@!ng making. Thank you a million times over. 🏆#GAGCITYDC shall go in the #GAGCITY HISTORY BOOKS.",2
Michelle Obama Praises Beyoncé’s ‘Cowboy Carter’ While Encouraging Fans to Register to Vote: ‘We All Have Power’,2
K-pop star Karina and actor Lee Jae-wook split shortly after going public,1
"Act Fast! The iPad Pro, iPad Air & iPad Mini Are On Sale at Amazon — Save Up to $100 Off",2
"Spotify | A pesar del supuesto backlash, ""Las Mujeres Ya No Lloran"" incrementó sus streams diarios ayer, ""Whenever, Wherever"" tuvo su mejor día en lo que va del 2024 (479.768 streams) y ""La Tortura"" recibió más de 400 mil streams por primera vez (408.059)",1
"I love this & other Katy Perry accounts. But I need to make this clear: There was no press event-was a private preview for some industry people, and I wasn’t there. All VERY positive reactions to batch of songs they heard. Album not 100 percent finished but Katy is coming soon!!",2
"Ye has been sued by another former Donda Academy staffer, alleging a sexually abusive environment. #BillboardNews",0
"BREAKING: The #Bills are trading WR Stefon Diggs to the #Texans, per @AdamSchefter.",1
Adele Reschedules 2024 ‘Weekends’ Las Vegas Residency Shows Postponed By Illness,1
just a few sec of this scene added in the teaser trailer could make me faint,0
Crawler-transporter 2 update as we prepare for future @NASAArtemis missions! ⤵️,1
James Kirby: Cousins pay tribute to 'selfless hero',1
Magic Johnson Posts Heartfelt Celebration of ‘Living Icon’ Beyoncé’s ‘Cowboy Carter’,2
Jon Batiste Hopes His Work on Beyoncé’s ‘Cowboy Carter’ Helps ‘Dismantle the Genre Machine’,2
"The First Amendment.

Congress shall make no law respecting an establishment of religion, or prohibiting the free exercise thereof; or abridging the freedom of speech, or of the press; or the right of the people peaceably to assemble, and to petition the Government for a redress…",1
"Bless ft @youngthug #WvW 

PRE-SAVE 🔗 http://lilwayne.lnk.to/WvW",1
where it all began ⭐️,1
First poster for ‘Joker 2’ starring Joaquin Phoenix and Lady Gaga.,1
Billie Piper Says Classmate Amy Winehouse Was Bullied in School,1
"Slipknot, Avenged Sevenfold, Disturbed to Headline 2024 Rocklahoma Festival",1
Cash Cobain Speaks Out on NYC Concert Canceled for ‘Reasons Out of My Control’,1
Karol G in Latin America: All the Guests on her Mañana Será Bonito Tour,1
"Bizarrap & Natanael Cano Drop Explosive, Two-Song Collaboration ‘BZRP Music Session #59’: Stream It Here",1
Shakira has surpasses Billie Eilish to become the #21 (+1) artist with the most monthly listeners on Spotify and #8 female artist. 🌎,2
Two investors plead guilty in insider trading scheme linked to the Trump Media deal that brought the former president's social media business public,1
Strongest earthquake in 25 years rocks Taiwan with tsunami warnings issued for nearby countries,0
"Craig Gillespie is in talks to direct ‘SUPERGIRL’.

He has previously directed ‘Cruella’ and ‘I, Tonya’

(Source: Deadline)",1
"Do not trust men who are easily afraid.

Loyalty requires bravery.

Anyone who’s easily scared will easily turn.

Without balls - your sentiment as a man means absolutely zero.

As soon as a weak man has to suffer for the person they are “loyal” to, loyalty disappears.",0
"KAI Media, Company Behind K-Pop Label hello82, Raises More Funding For Expansion",1
Finland shooting: Several injured in Vantaa school shooting - police,0
"Ken Griffin says U.S. is being 'irresponsible' with national debt, and politicians are spending 'at the expense of future generations,’ per FORTUNE.",0
"https://share.stationhead.com/xo0mcqwcclly 

WE ARE ON. 🩷🎉🎉🎉🎉🎂🎈🎊#GAGCITY TICKET GIVE AWAY 🎫 🎟️ 
MAY THE BEST BARBZ WIN. 🏆",2
JUST IN:  🇨🇳🇹🇼 - 30 Chinese warplanes and 9 navy vessels have positioned around Taiwan according to Taiwan's defense ministry. 🤔,1
Donald trump getting booed in MI today brings joy to my heart.,2
"Fed Chairman Powell finally told the truth. Last week he finally admitted inflation is winning. The Fed can no longer promise I flation at 2% or that inflation is “transitory.”  Again he finally stopped lying.  Congratulations.

The problem is most people have no idea what the…",1
JUST IN: Hedge fund billionaire Steve Cohen told CNBC he owns a “very little” amount of #Bitcoin 👀,1
fellas is it antisеmitic to think that aid workers shouldn’t be airstriked ?,0
"Current Joker: Folie à Deux box office predictions. 

With a predicted worldwide box office of just under $800m, the film would currently be the 3rd highest grossing R-rated movie of all time behind Oppenheimer and the original Joker.",1
There is no future without kids,1
"There have been a few recent articles in the press about @Disney 'winning' its proxy contest with Nelson Peltz based on early election returns that have been leaked to the media.  We don't have an investment in Disney, but I thought it useful to point out the inappropriateness of…",1
"Aileen Cannon should have been removed from the case a long time ago with her bullshit rulings blatantly causing delays that favor defendant trump.

It's a fucking joke.",0
Wanna be 🤭❤️‍🔥 04/05,2
In the movie 'The matrix' Neo's passport has an expiration date set to 9/11/2001,1
".@katyperry's ""Harleys In Hawaii"" has now surpassed 500 million streams on Spotify.",2
HER MIND. SHE’S SICK.,0
"X Premium costs just 23 cents a day, when bought annually via web. 🇺🇸Subscribe to X Premium to support this platform.",2
Is there anything more overrated than a solar eclipse? 😂,0
"Loral O'Hara, one of five @NASA_Astronauts currently on the station, is returning to Earth on April 6. She conducted one spacewalk and researched advanced space phenomena during her six-and-a-half month mission. More... https://go.nasa.gov/49oIpbz",1
"It's been 6 years since we became a public company. It’s pretty wild to think that by most metrics, Spotify is now 3x or more on where we were that day.  I am reminded of Bill Gates’ quote, “Most people overestimate what they can do in one year and underestimate what they can do…",1
"2/ ... 1 of 8 bands in the 2200- to 7300-Å spectral region, then on to a photomultipler tube. By study of these emission intensity data, information on surface texture & composition of planets could be obtained, along w  information...",1
"Joker 2 poster has been seen 14 million times in just 10 HOURS on one Twitter account, comparing it to other major releases first poster posts, these numbers are INCREDIBLE.",2
"🚨 🚨 🚨 🚨 🚨 🚨 🚨 🚨 🚨 🚨  370,000,000 #USDT (370,047,175 USD) transferred from Tether Treasury to #Bitfinexhttps://whale-alert.io/transaction/tron/7b0d296e296bc2d72a9b2727d8868e79edf24fe5d478aab71026dacdb1ecf3fb…",1
"FTC responds to ESRB's proposal for an AI-powered face-scanning 'age estimation' system

""No""",1
"Why hasn't Judge Cannon ruled on the DoJ reconsideration motion to block the release of witness lists? I'm guessing she knows if she releases them, Smith will go to the 11th circuit. So she's sitting on it.",1
"🚨 BREAKING 🚨SEC ASKS FOR PUBLIC COMMENT 
FOR GRAYSCALE, BITWISE AND 
FIDELITY SPOT ETHEREUM ETFs.

GIGA BULLISH 🔥",1
This is evil,0
what's going on here,1
"Update on #SamplingMars: I recently collected my 24th sample from an area called ""Bunsen Peak"" (named for the @YellowstoneNPS landmark). The rock core is filled with silica and carbonate. http://go.nasa.gov/3vuGEMq",1
Knowledge is Power. #Bitcoin,2
truly mother’s daughter,1
Did you know that legacy media have notifications ON for 𝕏?,1
Hunter Schafer: Euphoria star says she no longer wants to play trans characters,0
Perfection.,2
wonder where she is now 😭,1
"DMs are still up & running, just saying",1
"BIG BREAKING 🚨COINBASE CEO SAYS ITS #BITCOIN  LIGHTNING NETWORK INTEGRATION ""SHOULD BE LAUNCHING SOON. 👀🔥",2
"""Joker: Folie à Deux"" Official Website.🔗https://joker.movie",1
Dolce doll 🩷,1
#GagCityBaltimore,1
Katy Perry exalando beleza durante as gravações do American Idol no Hawaii.,1
Olivia via Instagram stories!,1
"""Katy Perry esquecida""

.@katyperry's ""Harleys In Hawaii"" has now surpassed 500 million streams on Spotify.

.@katyperry's ""Never Really Over"" is now certified Diamond in Brazil.

Gente? Que fracassada, 2 músicas solo do último álbum sendo diamante e +500M de streams do Spotify",2
Katy Perry x American Idol! 🤎✨,2
joker 2 trailer is really coming to break the internet. we’re talking hundreds of millions of views across all platforms. a global EVENT.,2
"#Shakira is set to appear on ‘Hot Ones’ tomorrow, April 4! ❤️‍🔥",2
"Started stan twitter, started the concept of ""eras"", started the whole ""mother and fanbase"" relationship like im so serious",1
"LaVar Ball blames the NBA training staffs and Puma's 'raggedy' shoes for his sons' injuries 

“The reason they hurt is because they got away from me. And they start doing these rooty-toot workouts. Because if you keep running them hills, you're going to keep that power and that…",0
"Former Observer & HuffPost journalist claims Katy Perry’s career decline was planned by “some people,” similar to how Christina Aguilera’s career was sabotaged.

They then alleged writers “trashed” Katy to generate clicks, more money. Last year, former Pitchfork writers alleged…",0
lady gaga photographed by steven klein.,1
"BREAKING:

The SEC requested public comment on major Ethereum Spot ETFs",1
"#BTC 

Bitcoin is holding that Weekly Range Low (~65600) as support for now$BTC #Crypto #Bitcoin",1
What other payment options do you think should be added to the tip jar?,1
Doge,1
harry potter said WHAT?!? 😭,0
i’m glad gaga is keeping her OG voice nobody wants to hear that squeaky ass over-exaggerated voice,1
"We’re 5 days away from the eclipse!!! Check out my eclipse guide (linked in bio) for some tips on how to see it. 

Remember- the difference between 99% & 100% is one that will literally change your life. 

The eclipse I saw in 2017 ignited a passion to pursue astrophotography.",2
"Fans from selected countries can now watch Shakira's videos on Spotify! 

go and stream!",2
"Why are cities dominated by highways and cars?

It's partly because of one of the most influential people you've never heard of: Norman Bel Geddes.

In 1939 he created ""Futurama"", a huge exhibition that tried to predict the future — and ended up changing the world...",1
BREAKING: Coinbase is working with Lightspark to integrate the #Bitcoin Lightning Network for all its customers ⚡️,2
"From these 4 accounts alone, nearly 31 million views in 24 hours.",1
"FINALLY RESTOCKED:
Lady Gaga - The Fame Monster picture disc.
Will be included in our Friday drop as well!",1
"RUMOR: Aparentemente houve uma listening sessions de algumas músicas do KP6 e um jornalista que estava presente comentou sobre o novo álbum de Katy Perry. 

""Katy está prestes a realizar o maior retorno musical desde Mariah Carey com 'The Emancipation of Mimi'. Seu novo álbum,…",1
"BREAKING: The guy that rammed his car into the FBI Field Office in Atlanta the other day has social media accounts associated with Q Anon, anti-vaxx stuff, election denialism, Sidney Powell, and donald trump.

SUPER SHOCKED

Source: @MSNBC",0
"A Warner Bros. divulgou todas as  fotos de ""Joker: Folie à Deux"" que sairam sem cortes. #Joker2 🎬🃏",1
"Spotify | Top Songs (04/02) [Streams]

Hips Don't Lie — 1,138,286
TQG — 1,038,174
Puntería — 961,461
(Entre Paréntesis) — 846,840
Cohete — 603,393
Bzrp Music Sessions, Vol. 53 — 570,837
Whenever, Wherever — 479,768
Chantaje — 422,502
La Tortura — 408,059
Dia de Enero — 403,425",1
"México
Puerto rico 
República Dominicana 
Costa Rica 
Panamá (El lugar podría dejarlos por fuera) 
Colombia 
Brasil
Ecuador 
Perú 
Bolivia 
Chile 
Argentina 
Paraguay 
Uruguay 💎💎💎💎💎💎",1
What if I tell you that there's more adult content on Threadz & Instagram than on OnlyFans. 👀,1
"Keityn, Feid, Carlos Vives and Yng Lvcas Talk Major Wins at 2024 Latin ASCAP Awards",1
Ferrari SF90 🌴,1
Anya Taylor-Joy confirms she secretly got married to Malcolm McRae in 2022,1
Thank you baby 💋,2
Tonight’s tank top says ‘w⭐️men’ at #GUTSWorldTourBoston!,1
𝕏 = Up🟢Facebook = Down 🔴Instagram = Down 🔴WhatsApp = Down 🔴,0
we all remember where we were,1
"JUST IN: 🇺🇸 BlackRock and Fidelity now own a combined 399,741 #BTC worth $26.2 billion for their spot #Bitcoin ETFs.",1
"🇺🇸 | Shakira is the female artist with the MOST songs currently on the US iTunes Top 100 Latin Songs, totaling 8 songs.",2
"#Shakira's amazing 12th studio album 'Las Mujeres Ya No Lloran' scores the 3rd Highest New Entry on the United World Album chart, landing at #6! 💪🥉🔝🆕💥6⃣🌎📈👑❤️‍🔥'Las Mujeres Ya No Lloran' featuring #CardiB, #RauwAlejandro, #ManuelTurizo, #GrupoFrontera, #Ozuna, #KarolG &…",2
"NEWS: Tesla overtook Mercedes as the second-largest seller of imported vehicles in Korea last month.

It marked the first time for Tesla to beat Mercedes-Benz in Korea in terms of sales.",2
The Ultimate Guide to Festivals Celebrating Latin Music in 2024,1
LADY GAGA IS A FUCKING MOVIE STAR,0
Te haré salir volando como un cohete! 🚀💥 I’ll make you fly like a rocket! #LMYNL → http://lnkfi.re/LMYNL,2
hawl awn… is that—,1
"You’re invited! See you in Rogueport on May 23 in #PaperMarioTheThousandYearDoor, coming to #NintendoSwitch!",2
Alien mothers,0
