Content,label,lang
"The #Binance towel comes everywhere with me...

Including breakfast ğŸ³",1,en
"Drop your $SOL address below and
make sure you are following me

Donâ€™t ask why ğŸ‘‡ğŸ¼",1,en
It only takes one good altcoin to change the world. âœ¨,2,en
disrespectful is one of my top 3 fav,2,en
"Some Congressional Republicans call the Affordable Connectivity Program wasteful.

I call it necessary.

Itâ€™s time Congress extended it so the 23 million households across America that rely on the program can stay connected.",1,en
"Donald Trump wonâ€™t do what an American president must do.

He refuses to denounce political violence. 

Iâ€™ll say what Trump wonâ€™t: Political violence is never, ever acceptable in America.",0,en
"There is a massive #Bitcoin breakout coming.

Are you ready?",2,en
"Ok so the vote is in. Iâ€™ll do a 25 tkt giveaway on station head in 10 mins. 

If I feel like it Iâ€™ll come on spaces & give out another 5-10 after that. 

The Generous Queen ğŸ‘¸ğŸ½",2,en
My whole heart,2,en
Iâ€™m tired of people using me as their punching bagâ€¦ LEAVE ME TF ALONE!! Itâ€™s my day off,0,en
"April 03, 2024 @ 09:21 AM (UTC)
Current Price of Bitcoin

(BTC-USD):        $66,484.80
(BTC-EUR):        â‚¬61,757.73",1,en
HOW is Pitbull not in the big 3?????????,0,en
"$35 a month insulin for seniors.
$35 inhalers for asthma.
$2,000 a year cap on prescription drugs for seniors starting next year.

With Senator Sanders' help, weâ€™re showing how health care should be a right â€“ not a privilege â€“ in America.",2,en
Cryptoooo,1,en
The world is a stage. Joker: Folie Ã  Deux trailer coming April 9. ğŸƒ,1,en
Video shows abducted US girl fatally shot by police,0,en
https://share.stationhead.com/kgXBpFtPyx8MAY THE BEST BRAVEST BADDEST BARBZ WIN,2,en
"Bitcoin is going to $100,000

ETH is going to $10,000

Altcoins will pump 10x 

Halving in 15 days. 

You are not bullish enough.",1,en
what conan lyric feels like this,1,en
"The more Tether prints, the higher #Bitcoin goes.",2,en
Which of these artists is the biggest hit-maker ?,1,en
"#Bitcoin: Navigating the High Seas of Finance, Steering the Ship of Economic Evolution. â›µğŸ’°ğŸŒŠ",1,en
album momentsğŸŒ€I hear youâ€¦ feeling optimistic about this week https://dualipa.lnk.to/radicaloptimism,2,en
"Not in the path of totality for the total solar #eclipse? On April 8, we'll bring totality to you by broadcasting from several locations along its trajectory, including @NASAGlennâ€”our only center in the eclipseâ€™s path.

How to watch: http://go.nasa.gov/3vAvTbo",1,en
"It's a tough gig being the Binance intern.

(gm)",0,en
"There is no bigger red flag in an adult than lack of children. 

If youâ€™re 46 and not yet bored of weed and alcohol - youâ€™re immature and soulless. 

How can you be trusted to vote?

You have a warped world view with zero vested interest in the future. 

The poorest people aliveâ€¦",0,en
1 whole bitcoin hodlers are becoming RARE,1,en
Dogecoin as Tipping Option? ğŸ‘€,1,en
"Introducing a new Simple Earn Flexible Products promotion!

Subscribe to either SUI or USDT Simple Earn Flexible Products to grab your share of 20,000 SUI while also earning bonus APR.

Get started today â¤µï¸",2,en
"$69,416.50#Bitcoin  #BTC  $BTC $USD",1,en
"Through laws I wrote and signed, I enacted tax credits that save an average of $800 per person per year, reducing health care premiums for millions of families.

Those credits expire next year.

Congress, make that $800 expanded affordable health care tax credit permanent.",2,en
"You already made your statement, Donald.",1,en
Tag a light mode user ğŸ‘‡,1,en
Coinbase & BlackRock will pump crypto higher!,2,en
"Pitbull, Chingy, and Baby Bash",1,en
My station head seems to not be working guys. What a shocker,0,en
If I say Iâ€™m 25 then Iâ€™m 25 the fuk,0,en
Psalm ğŸ“· by Saint,1,en
"The next #Bitcoin halving is just 2 weeks out.

And historically, the most gains are always realized after the halving.

Are you prepared?",2,en
Moment Taiwan maternity staff rush to keep babies safe during earthquake,1,en
"13,900 eggs.

$200,000 in rewards.

1 #Bitcoin.

Get started with the #Binance egg drop ğŸ‘‡",1,en
"Congratulations to @Int_Machines, @LunarOutpostInc, and @Astrolab_Space for being selected to move forward in developing the #Artemis lunar terrain vehicle!

This Moon rover will allow future astronauts to travel far on the lunar surface: https://go.nasa.gov/440SeM9",2,en
"I am outraged and heartbroken by the deaths of seven humanitarian workers from World Central Kitchen, including one American, in Gaza yesterday.
 
Incidents like yesterdayâ€™s simply should not happen.

Here is my full statement.",0,en
#Bitcoin is a Symbol of Digital Revolution and Financial Freedom. ğŸ’¡ğŸŒğŸ’¸,2,en
Miss SHANEL DOES what must be done!!!!!,1,en
"Is whale watching on your bucket list?

If so, you'll be glad to know that you don't have to travel to do it.

Well, not for crypto whale watching anyway.",1,en
"I want HONEST criticism on this AI portfolio:

25% $BTC15% $TAO15% $RNDR10% $GRT10% @limewire5% $AKT5% $AIT5% $PAAL5% ",1,en
"ARE YOU STILL WITH ME, ğŸ‡¦ğŸ‡·? â­ï¸â­ï¸â­ï¸ #GUTSWorldTour",1,en
"Kamala and I continue to call on Congress to restore the protections of Roe in every state.

The majority of Americans support a woman's right to choose â€“ including in Florida where voters will have the opportunity to support a reproductive freedom ballot initiative this fall.",1,en
The category is : albums that deserved way more success,2,en
White House wants Moon to have its own time zone,1,en
"Introducing the #BinanceClubhouse!

A global hub for all Binance users to connect, work, and talk all things crypto.

Stay tuned for more info to come ğŸ¤",2,en
"Yesterdayâ€™s extreme Florida Supreme Court decision puts desperately needed medical care even further out of reach for millions of women in Florida and across the South. 

Itâ€™s outrageousâ€”and it was made possible by Trump ending Roe v. Wade.",0,en
"Â£51,987.06#Bitcoin  #BTC  $BTC $GBP",1,en
"Ready to rock with @ThirdRockRadio for the April 8 #eclipse? Submit your favorite solar-themed songs to be added to a Sun, Moon and ""Eyes"" playlist: http://thirdrockradio.net/solar-songs/",1,en
"Baby steps, sir ğŸ˜©ğŸ˜…",2,en
.@findingfletcherâ€™s â€˜In Search of the Antidoteâ€™ Debuts at No. 3 on Top Album Sales Chart,1,en
Only 3 more sleeps till #WrestleMania 40. Talking to @TheRock and @WWERomanReigns on the show tonight. #FinalBoss  #TribalChief,1,en
One #crypto that will show a monster God Candle this summer,1,en
"Deadly air strike shows system to protect aid workers in crisis, agencies say",0,en
#Binance will list Wormhole $W with Seed Tag Applied.â¡ï¸ https://binance.com/en/support/announcement/49b5a226723e407cb7044d749bfda5b2?ref=AZTKZ9XS&utm_source=BinanceTwitter&utm_medium=GlobalSocial&utm_campaign=GlobalSocialâ€¦,1,en
Happy 90th birthday @janegoodallinst! And please give my regards to Mr. H. #JaneAt90 #GoodAllDay,2,en
Gaza aid convoy strike: What do we know?,1,en
Thank you NY for a night to remember!,2,en
Watch TOMORROW X TOGETHER Bring â€˜Deja Vuâ€™ to â€˜Kelly Clarkson Showâ€™,1,en
Itâ€™s not that no one told you.,1,en
"If the prior administration and extreme Republicans in Congress had succeeded in gutting the ACA, 45 million people nationwide would have lost their health insurance.",0,en
HELLOOO HAVE WE EVER SEEN THIS?,1,en
which album is making more noise this Friday?,1,en
Barbz since yall like yappyity yapping i took screenshots of who been on here. Yall asses report to station head Iâ€™m doing a #GAGCITY GIVEAWAY right now. In 10 mins. Who wanna win tickets?!?!!!ğŸ« ğŸŸï¸ LETâ€™S GO!!!!!!!!! Should I give away 50 tickets or 25 winners get a plus 1?,1,en
so about the cake! do we think conan would be proud ğŸ¥°,2,en
"I remember this. I remember him withdrawing me from the tournament when I was 6 years old.

I beat the first two adults, then lost 3 in a row.

I asked: Will I be able to beat them at chess when Im grown up?

He replied: Son, once youre grown up, youll beat anyone at anything",1,en
The #Bitcoin halving is now only about 17 days away ğŸ‘€,1,en
All eyes are on the sky on April 8 for the total solar #eclipse! Did you know you can help us @DoNASAScience while experiencing the big event? Listen in from @NASASun scientists in this episode of our Curious Universe podcast:https://go.nasa.gov/4aie3cf,2,en
R.I.P. Gale Sparrow.,1,en
"#BITCOIN WILL HIT $100,000 IN NEXT 3 MONTHS OR I AM DELETING MY "" X "" ACCOUNT",1,en
Trading is now live for @ethena_labs $ENA on #Binanceâ¡ï¸ https://binance.com/en/trade/ENA_USDT?type=spot&ref=AZTKZ9XS&utm_source=BinanceTwitter&utm_medium=GlobalSocial&utm_campaign=GlobalSocialâ€¦,1,en
Vechainâ€™s importance isnâ€™t talked about enough. $VET,1,en
"Inhalers cost less than $5 to make.

But drug companies charge Americans up to $600 to increase their profits.

My Administration has been cracking down on Big Pharma â€“ and now, three of the four largest inhaler manufacturers are capping out-of-pocket costs at $35.",1,en
The category is : most controversial music videos,1,en
Polls are opening up in states across the country. Head to http://IWillVote.com to confirm your polling place.,1,en
The final deadline for 7 Spot #Ethereum ETFs is in 50 days!,1,en
CAN YOU GUYS GIVE ME A RUNDOWN ON EVERYTHING HE SAID ABOUT THE UNRELEASED TRACKS,1,en
Google looks to AI paywall option - report,1,en
Solar Eclipse 2024: How to Watch & Stream Live from Anywhere,1,en
"GagCity was everything!!! Nicki, Monica, and 50 cent did what needed to be done!!! ğŸ’• #gagcitydc",2,en
"LIVE NOW: How will future @NASAArtemis astronauts drive across the surface of the Moon?

We're announcing the companies that will advance the capabilities of the lunar terrain vehicle, a rover for exploration during the #Artemis V missions and beyond.",1,en
"Time to supply you with some crypto knowledge.

Literally.

Maximum, total, and circulating supply explained ğŸ‘‡",1,en
"For anyone who received a checkmark today, you can earn money for the stuff you're already posting. No extra effort required.

Apply to be monetized in Settings > Monetization",2,en
"Explore new taker fee promotions on #Binance! 

You can now trade $USDC spot and margin trading pairs to enjoy discounted taker fees from 10 April, 2024.  

Learn more â¤µï¸",2,en
Tune in as I deliver remarks on lowering health care costs for Americans.,1,en
Oh this is EXTREMELY  GAGGY babe,2,en
Like what ?,1,en
Truck crash spills live salmon into wrong Oregon river,0,en
"Celebrate the upcoming #Bitcoin halving with the #Binance Futures Ultimate Challenge.

Join the daily price prediction and weekly task challenges for a chance to win #BTC rewards and a Tesla Model Y!

Join now â¡ï¸ https://binance.com/en/events/bitcoin-halving?ref=AZTKZ9XS&utm_source=BinanceTwitter&utm_medium=GlobalSocial&utm_campaign=GlobalSocialâ€¦",2,en
ğŸš¨ BREAKING ğŸš¨GRAYSCALE HAS TRANSFERRED 1983 BTC WORTH $131.4 MILLION TO COINBASE,1,en
"#Bitcoin always pumps after the halving.

- 1st Halving: +8,000%
- 2nd Halving: +3,000%
- 3rd Halving: +800%

In 15 days, the 4th halving is here.

Are you mentally prepared?",1,en
"Today, I had a candid conversation with President Xi Jinping of the Peopleâ€™s Republic of China on a range of issues, including areas of cooperation and areas of difference.

I emphasized the importance of maintaining peace and stability across the Taiwan Strait and in the Southâ€¦",1,en
Same reason why you felt comfortable calling me a Mexican when Iâ€™m Dominican and I asked you why you feel comfortable calling me a Mexican when ice and jharell Jerome Zoe Saldana are Dominicans and you donâ€™t do that to them. You do it to me because you know thatâ€™s what people useâ€¦,1,en
#GagCityBaltimore IS TAKING IT!!!!!!!!!!!!!!!!!!!!!!!! DMV I MISSED YOUUUUUUUUUUUUUUUUUUUU!!!!!!!!!!YALL DONT KNOW MAN. ğŸ˜©ğŸ›¸ğŸ™ï¸ thank you. Idk what to say. The best night Iâ€™ve ever had on earth AND #GagCity. May God bless each & every one of you. Iâ€™ll never forget you. #HeavyOnIt,2,en
"#Binance respectfully requests that Tigran Gambaryan, who has no decision-making power in the company, is not held responsible while current discussions are ongoing between Binance and Nigerian government officials.#BringTigranHomeRead more ğŸ‘‡",1,en
"After 204 days, 3,264 orbits, and dozens of @ISS_Research experiments in space, @lunarloral is heading home.

Undocking and return coverage (on NASA+ and other platforms) begins at 8pm ET, Friday, April 5 (0000 UTC April 6): https://go.nasa.gov/3xwI9di",1,en
"Don't buy #Bitcoin for your first name.

Buy #Bitcoin for your last name.",1,en
"Billie Eilish, Pearl Jam, Nicki Minaj Among 200 Artists Calling for Responsible AI Music Practices",1,en
School shooting brings up tough questions for Finland,0,en
"Instead of seniors with diabetes paying as much as $400 a month for their insulin they so badly need, they now only have to pay $35 a month. Period.
 
I want to extend those savings to everyone who needs lifesaving insulin, whether youâ€™re a senior or not.",0,en
"Trade responsibly.

Employing risk management strategies is an important step to reducing your portfolio's risk.

So we've listed out 5 strategies, which you can find right here ğŸ‘‡",2,en
"#Binance has expanded Portfolio Margin to non-VIP users! 

Optimise your portfolio with enhanced capital efficiency, risk management, and trading strategies made more accessible.

Learn more ğŸ‘‡",2,en
"ğŸ’¥BREAKING: The Spot #Bitcoin ETF had positive inflow of: +$40,300,000 yesterday!",2,en
"#Binance Charity partners with the Children of Heroes Foundation!

This collaboration will launch â€œI Am da Vinciâ€, a 12-day therapeutic camp, to support children who have lost their parents in the war.

Read more â¤µï¸",1,en
"Floridaâ€™s bans â€“ and laws like them in states across America â€“ are putting the health and lives of millions of women at risk.

They take away womenâ€™s freedom to make their own health care decisions and threaten physicians for providing the care they were trained to provide.",0,en
Don't Panic ğŸ«¡,1,en
"We've officially hit 1M posts on #Binance Square!

Thank you for sharing content on your feeds, and spreading crypto knowledge worldwide ğŸ¤Keep building â¡ï¸ http://binance.com/feed?ref=AZTKZ9XS&utm_source=BinanceTwitter&utm_medium=GlobalSocial&utm_campaign=GlobalSocialâ€¦",2,en
"Thatâ€™s not what you said. You said nobody called me ghetto and now you moving the goal postâ€¦ You know why Iâ€™m at where Iâ€™m at right now? Because I took all those noâ€™s and recognized what I had to CHANGE. I had to change the way I talk, the way I act and the way I respond and howâ€¦",1,en
"Honestly a great product!

Feel more energized and stronger ever since Iâ€™ve taken it!",2,en
"Lizzo clarifies she is not quitting music industry, just 'negative energy'",1,en
Olivia Rodrigo Kisses Chappell Roan During Guts World Tourâ€™s Boston Stop,1,en
"Yesterday, Floridaâ€™s Supreme Court upheld a state abortion ban, likely triggering the Governor's more extreme law eliminating access before many even know they're pregnant.

Outrageous.@VP and I remain committed to protecting reproductive freedom in Florida and across the U.S.",0,en
Ukraine gives award to foreign vigilantes for hacks on Russia,0,en
I got 45 mins to give away my own personal tkts to #SOLDOUTMINAJ shows guys. But Iâ€™m doing it on station head so nanabooboo Barbz donâ€™t start. I miss you ğŸ¤­,1,en
"""The Flies,"" our newest class of @NASA_Astronauts, officially graduated basic training last monthâ€”and what's a graduation without a few superlatives?

If you want to join the next astronaut class, our applications are still open! Get yours in by April 16: https://go.nasa.gov/astro2024",2,en
"JUST IN: Coinbase CEO says its #Bitcoin Lightning Network integration ""should be launching soon"" âš¡ï¸ ğŸ‘€",2,en
Donâ€™t pinch me please,0,en
Rashee Rice: Super Bowl champion admits role in Texas hit-and-run,1,en
"This week, America lost a hero.

When Lou Conter passed away at the age of 102, America said farewell to the last known survivor of the U.S.S. Arizona, which was stationed on Battleship Row at Pearl Harbor on December 7, 1941.

Today, our hearts are with those who knew him andâ€¦",1,en
I think there might be some confusion on what was said. I asked why he feels so comfortable calling me Mexican? I have no Mexican parents. My mom is Trini.. she came out of a whole black woman. My father is Dominicanâ€¦Iâ€™m Dominican just like you. I also used other Dominicans asâ€¦,1,en
"All I wantedâ€¦

to give my fans an album & tour that touched them in every way & reminded them of why & how we fell in love in the
 1st place. To give them the tour that they never knew they NEEDED- prove to them how much I value THEM & how much I value the ARTS ğŸ©·",2,en
BeyoncÃ© & Jennifer Hudson Host Mini â€˜Dreamgirlsâ€™ Reunion at 2024 iHeartRadio Music Awards,1,en
Why this amateur scientist measured snowfall for 50 years,0,en
"Happy Tipping Tuesday Shibes!

Tip in Dogecoin ğŸ•ğŸ¶ğŸ’¸",2,en
Doge is the og tipping currency of the Internet,1,en
"April is a BIG month for sky gazing ğŸ¤©Big planets: Jupiter will be visible all month; Mars and Saturn will rise together on April 10 & 11
Big eclipse: On April 8, catch the last total solar eclipse in the U.S. for 20 years
Big Moon: Catch a full Moon on April 23",2,en
Irish basketball teams ordered to replay last 0.3 seconds of quarter-final tie,1,en
Will BeyoncÃ© Finally Win Album of the Year Grammy With â€˜Cowboy Carterâ€™?,1,en
"Worst migraines ever for like 3 weeks now. ğŸ’€Why wonâ€™t these things go away? 

I have tried everything. What is your secret?",0,en
Tennessee passes 'chemtrail' bill banning airborne chemicals,1,en
Hereâ€™s my advice to you Raymonteâ€¦ IT TAKES TIME!!! Right now I get brand deals for over $5 million for a campaignâ€¦ I got social media famous in 2014â€¦my first brand deal from Fashion Nova was in 2016 and $200 a post. You could reach any height no matter how ghetto or where youâ€¦,2,en
something is cooking at @MyDogeOfficial ğŸ‘€,1,en
Mysterious streak of light seen across southern California sky,1,en
Here Are the Performers and Presenters for 2024 CMT Music Awards,1,en
"Botswana offers to send 20,000 elephants to Germany",1,en
Two letters: DC >>>> #GagCityDC,1,en
French couple who kept 159 cats banned from keeping pets,0,en
"ğŸš¨ BREAKING ğŸš¨1,000,000,000 USDT JUST GOT 
MINTED AT TETHER TREASURY

YESTERDAY ALSO $1 BILLION USDT 
WAS MINTED. 

ARE WHALES PREPARING FOR A 
HUGE #BITCOIN PUMP ?",1,en
Rebel Wilson book release put back in UK and Australia,1,en
World Central Kitchen founder JosÃ© AndrÃ©s says Israel targeted staff in Gaza 'car by car',0,en
Who were the seven aid workers killed in Gaza?,0,en
"Listen, lots of my friends have made tons and tons of money on crypto while I cling to my little bag of silver. I realize that crypto has been more successful in the last several years than what I think would be. And I obviously admit that and people shouldnâ€™t take investmentâ€¦",2,en
"Super valid. 

Worth a podcast someday.",2,en
Taylor Swift Is Officially a Billionaire,2,en
Will Truth Social post a financial bailout for Trump?,1,en
Three British aid workers killed in Israeli strike in Gaza named,0,en
Tesla 'disaster' with fewest deliveries since 2022,0,en
Best doge meme wins Ä69.420! ğŸ†Like & Repost this post to participate. ğŸ•Upload your meme in the comments.ğŸ’¬,2,en
Trump sues Truth Social co-founders over alleged mismanagement,0,en
Ukraine lowers combat call-up age to boost numbers,1,en
2024 MLB Season: How to Watch Baseball Games Online for Free Without Cable,1,en
"Congratulations to BUID: 79*****52 on being our first winner of the Tesla Car Lucky Draw in second installment of #FuturesChallenge ğŸ‰ 

Don't worry, there are 3 weeks left to get your hands on your very own Tesla! 

Participate now â¡ï¸ https://binance.com/en/futures-activity/futures-challengeâ€¦",2,en
Tuesday already? Watch @LizaKoshy and me play #PASSWORD tonight at 10/9C on @NBC after #WeakestLink!,1,en
I went to #GagCityDC alone and ended up w the sweetest girl next to me who was also alone & so fun  AND it was her bday ğŸ˜­ğŸ˜­ğŸ˜­ğŸ˜­ğŸ©·ğŸ©·ğŸ©· it was just a magical and fun night overall. Iâ€™m so overwhelmed and grateful,2,en
R.I.P. Michael McMartin.,1,en
"Time to look at this month's market insights!

Our research team analyzed the state of the crypto market and provided insights on Bitcoin ETF inflows, Ethereum's Dencun upgrade, Solana's DEX volumes, and more.

Check it out â¬‡ï¸",1,en
"#X is bringing the tip jar to the web app!

It was an iOS/Android feature for years and now it's finally finding its way to the web version!

Here, you can see a full list of the supported services!",2,en
Cool Cool,2,en
Israeli government says it will block Al Jazeera from broadcasting,0,en
"New Senegal president Bassirou Diomaye Faye and his two wives

In our African culture, divorce is a taboo. A man isn't allowed to divorce a woman unless she has committed infidelity, only that is unforgivable

As for a man wanting to divorce a woman because she's no longer young,â€¦",0,en
"The deluxe tracks from â€œGUTS (spilled)â€ on this weekâ€™s Billboard Hot 100:

#14 â€œobsessedâ€
#58 â€œso americanâ€
#75 â€œstrangerâ€
#90 â€œscared of my guitarâ€
#99 â€œgirl iâ€™ve always beenâ€",1,en
Janet Jackson Returns to Japan for Triumphant Together Again Tour Chronicling Legendary Career,1,en
"ğŸ”¸Bitcoin has closed over $60,000 for 33 days in a row.

Consolidation then... ğŸš€",1,en
Ohhhhh I gots to have theseğŸ˜ğŸ˜ğŸ˜ğŸ’•,2,en
"We wear our solar glasses in space. ğŸ˜While millions of people on Earth watch the total solar #eclipse on April 8, astronauts aboard the space station will watch from 250 miles above. Theyâ€™ll have three opportunities to view the ground shadow as they orbit Earth!â€¦",2,en
#X will soon let you save the trends from the Explore tab!,1,en
Very cool,2,en
Country Garden: China property giant suspends shares in Hong Kong,1,en
"JUST IN: ğŸ‡ºğŸ‡¸ US government sends over 30,170 #Bitcoin worth $2 billion to Coinbase using Silk Road hack funds, Arkham data shows ğŸ‘€",1,en
"Struggling to level with VIPs? Nowâ€™s your chance to trade like a VIP9 on USDC-Margined contracts!

Enjoy ZERO maker fee and only 0.017% taker fee for all usersï¼

Read more â¡ï¸ https://binance.com/en/support/announcement/binance-introduces-limited-time-trading-fee-discount-for-usdc-margined-perpetual-contracts-2024-04-03-fc7732cf48cd49cf95e53aa479ed4debâ€¦",2,en
.#PASSWORD ON NOW!!!! #NBC and #PEACOCK,1,en
Bet on the Future. #Bitcoin,1,en
him refusing to speak on the meaning behind boys & girls ?!?? ğŸ˜­ğŸ˜­,0,en
Global Citizen Festival to Return to Central Park in 2024,1,en
coneheads!! itâ€™s time for u to find out which found heaven song u are!! âœª,1,en
The Houston Texans are making the moves the Dallas Cowboys should have if they were really ALL IN.,1,en
Person in Texas diagnosed with rare bird flu after contact with cattle,0,en
Iâ€™m a freak I need it!,0,en
shut down that hospital PLEASE,0,en
How Michael Rubin â€” And His Posh Parties â€” Unite The Sports And Music Worlds,1,en
I know dumb ass Richy Jackson choreo when I see it,0,en
â€œwhereâ€™d you go go alley roseâ€ idk conan just text the gc,1,en
"ğŸš¨ ATTENTION KATYCATS AND ALL OUR FRIENDS
The industry has always been cruel to Katy Perry! We need to bring this to everyone's attention!! 
Reply to my tweet with#JUSTICEFORKATYPERRY 

Goal: 100 replies!!!",0,en
Endeavor Going Private in Deal With Majority Shareholder Silver Lake,1,en
Chile: Woman steals gun from guard and opens fire,0,en
nicki concert was literally EVERYTHINGğŸ¥¹,2,en
"Iâ€™ve been hearing people ask at what point in a potential downfall should they leave the US. Now I hear the same from Canadians and Europeans.

The issues with all of this is where will you go? We all need to fight to keep our countries in order or there will be nowhere to run.",0,en
.@Hozier Notches Second Hot Rock & Alternative Songs No. 1 With â€˜Too Sweetâ€™,1,en
Cigar night Q&A tonight at 8PM Universal Tate Time.https://rumble.com/v4mw9tr-cigar-night-q-and-a-with-tristan-tate-ep.11.htmlâ€¦,1,en
Stefano Cherchi: Jockey dies two weeks after fall at Canberra races,0,en
Hunter Schafer Opens Up About Dating RosalÃ­a in 2019: â€˜Sheâ€™s Family No Matter Whatâ€™,1,en
Itâ€™s everybody tonight with they pink on for mother ğŸ˜¢ğŸ©·ğŸ«¶ğŸ½ #GagCityDC @NICKIMINAJ,0,en
"Elon a la Benjamin Franklin â€œin a Teslaâ€ 

My Midjourney prompt was: Benjamin Franklin driving a Tesla ğŸ˜†âœ¨",2,en
Why there's a revolution on the way in glass making,1,en
#firebloodchallenge it Taste like Orange Juice ğŸŠ @alexstaofficial @Cobratate,2,en
Made in America Festival Canceled for Second Consecutive Year,0,en
World Central Kitchen founder JosÃ© AndrÃ©s criticises Israel over aid workers' deaths,0,en
Hot 100 First-Timers: Allison Russell Debuts With Hozier Team-Up â€˜Wildflower and Barleyâ€™,1,en
The list goes on and on and on,1,en
"Ye and Ty Dolla $ign's ""Vultures"" listening parties won't go ahead.",0,en
Coinbase is now officially integrating the #Bitcoin Lightning Network ğŸ‘Coinbase has over 100 MILLION users ğŸš€,2,en
"BIG BREAKING ğŸš¨ETHEREUM ETF APPROVAL ğŸš¨SEC asks for public comment for Grayscale, Bitwise and Fidelity spot Ethereum ETFs",1,en
GloRilla Recalls the â€˜Beautiful Feelingâ€™ of Visiting the White House: â€˜I Still Havenâ€™t Accepted the Reality of Itâ€™,1,en
"Following their first playoff appearance in decades, the Marlins tried to demote GM Kim Ng. She turned that down and left the organization. The Marlins are behind early today and if they lose to the Angels, they'll be 0-7 to start this season.",0,en
Ukraine war: Deepest Ukraine drone attack into Russian territory injures 12,0,en
Damn nigga you bought this from God????,0,en
Lizzo Clarifies What She Meant With â€˜I Quitâ€™ Statement: â€˜Iâ€™m Going to Keep Being Meâ€™,1,en
Andrew Tate's COLDEST moment in fighting,2,en
"John Summit, Dom Dolla, Kaskade & More to Headline Desert Nightsâ€™ Coachella Parties",1,en
"ğŸ’µ ğŸ’µ ğŸ’µ ğŸ’µ ğŸ’µ ğŸ’µ ğŸ’µ ğŸ’µ ğŸ’µ ğŸ’µ  1,000,000,000 #USDT (1,000,027,499 USD) minted at Tether Treasuryhttps://whale-alert.io/transaction/tron/6f142b21fe6a11f413e68c71cb91c6e448f407408547b0f49d3da3e0cb6a3fadâ€¦",1,en
.@jonmcreynolds & Marvin Winansâ€™ â€˜Ableâ€™ Tops Gospel Airplay Chart,1,en
"Seeing sht like this back to back at EVERY show puts into perspective who it is NICKI MINAJ is in REAL LIFE, so going back & forth with fÃ¸Ã¸ls on here trying to prove a point is so useless. Nothing â€œnegativeâ€ on here should even phase y'all, let them live in their delusion.",0,en
BeyoncÃ© Thanks Jack White for Inspiring â€˜Cowboy Carterâ€™,2,en
We are not slowing down! ğŸš„ âš½ï¸âš½ï¸âš½ï¸,2,en
Lady Gagaâ€™s Harley Quinn Speaks!: Listen to the First Taste of Singerâ€™s Character in â€˜Joker: Folie Ã  Deuxâ€™,1,en
UK surfer Laura Crane in class of her own at big wave spot Nazare,1,en
Congrats,2,en
"Julia Garner is playing a female Silver Surfer in #FantasticFour 

(via @Deadline)",1,en
"BIG BREAKING ğŸš¨COINBASE GOES BIG ON #BITCOIN 

 Coinbase partners with Lightspark to integrate Bitcoin Lightning Network.",2,en
"I hate pending transactions. Please, just take the money.",0,en
100/10 ! Amazing show @NICKIMINAJ ğŸ¥°ğŸ¥°ğŸ¥°ğŸ¥°ğŸ¥°ğŸ¥°ğŸ¥° #GagCityBaltimore,2,en
"Top 8 Most Profitable Crypto Narratives in 2024

1. Memecoin - 1313%
2. RWA - 286%
3. AI - 222%
4. DeFi - 99%
5. DePIN - 81%
6. Layer 1 - 70%
7. Gaming - 64%
8. Layer 2 - 39%",1,en
if i was famous iâ€™d make a fanpage for myself and post â€œraresâ€ that literally no one has ever seen because I TOOK THEM and everyone would be like â€œhow does this person always have rare picsğŸ˜¢â€ bc i am her duh,0,en
I canâ€™t say nothing every body gets offended over every little thing,0,en
I wish Gaga would stop bringing her hair & makeup friends with her for her movie projects too so we could seeâ€¦how do I put this nicelyâ€¦,1,en
"FAKE NATIONALIST ZIONIST AGENTS 

Not a word from these fake nationalists about the 3 former BRITISH MILITARY members killed by Israel. 

Israel First",0,en
"Every dip is just the universe's way of asking: 

""Do you have the courage to double down on your dreams?""",1,en
raymonte is not wrong.,1,en
I am currently 18h 53m 16s of light travel time from Earth (2024:095:000000:1L),1,en
no offense bardi its cus i have a dominican parent & a black one ğŸ˜­ğŸ–¤,1,en
What is your most anticipated performance of 2024?,1,en
Race vs Ethnicity vs Nationality be beating my community ass.,0,en
It's cute when kids say what they want to be when they grow up. You're gonna write emails on the computer buddy,2,en
#KatyPerry's â€œHarleys In Hawaiiâ€ has surpassed 500 MILLION streams on Spotify.  Itâ€™s her 15th song to reach this Milestone! ğŸ’ªğŸï¸ â˜€ï¸ğŸ’¥5âƒ£0âƒ£0âƒ£â“‚ï¸âœ–ï¸1âƒ£5âƒ£ğŸ¶ğŸ”¥ğŸ‘‘ğŸ©·,2,en
Fun Fact: All of Lady Gagaâ€™s lead roles are for films rated R,2,en
Pouria Zeraati: Three accused of TV presenter attack have left UK,0,en
Starship will be on Mars within the decade and I canâ€™t wait to help build the booster thatâ€™ll send it on its wayğŸ˜¤ğŸ”¥ğŸš€,2,en
Katy Perryâ€™s lead single between April and May. The music video is ready. Xx,2,en
"It's a stormy day at the spaceport!

What's the weather like for you? â¤µï¸",1,en
Itâ€™s crazy how it all happened when she was 33â€¦ just like Jesus,1,en
the fact that it never charted on the hot 100 is insane,0,en
Look how cute we are ğŸ˜ğŸ¥¹ğŸ©·@caliboycomplex @socialenemy_ @SleezeMaraj,2,en
Doja Cat Says She Doesnâ€™t â€˜Careâ€™ About Music Leaks: â€˜Thereâ€™s Nothing I Can Do About Itâ€™,0,en
Will you buy a Tesla with Dogecoin?,1,en
"Names of three British aid workers killed in Israeli strike in Gaza are John Chapman, James Henderson and James Kirby, BBC establishes https://bbc.in/3xsDKIm",0,en
Are we on the timeline or on the DMs? We were talking in DMs and now youâ€™re back on the timeline. You canâ€™t gaslight me and I wonâ€™t let you confuse people by bringing up things that are irrelevant to the initial discussion. You say people never called me ghetto. I respondedâ€¦,0,en
All of the Barbies are bad It Girls and we ainâ€™t playing tag ! ğŸ’•ğŸ¤© #GagCityBaltimore,0,en
"BIG BREAKING ğŸš¨#Bitcoin to reach $150K by the end of this year, per Morgan Creek Capital Management CEO Mark Yusko",1,en
How FOX Sportsâ€™ Resident Deadheads Brought Jam Bands To Big Games,1,en
ğ• is winning ğŸ«¡,2,en
"CRYING. OVER. THIS. ğŸ¥¹ğŸ’œ 
we love you @ChappellRoan",2,en
Katchatheevu: Tiny Sri Lankan island sparks political row in India,1,en
"when gaga did house of gucci she got dragged for having an accent, for joker she's getting dragging for not having one",0,en
Gaga Daily wouldâ€™ve loved today ğŸ¥ºğŸ’”,2,en
â€œITâ€™S TIME FOR KATYCATS TO MOVEâ€ -@katyperry #justiceforkatyperry,1,en
Itâ€™s been 4 years and youâ€™re STILL a Brokie,0,en
I reiterate my firm call for an immediate ceasefire in the Gaza Strip. I express my deep sorrow for the volunteers who were killed while distributing humanitarian aid in Gaza. I pray for them and their families.,0,en
Katy Perryâ€™s Teenage Dream album cover is actually a painting,1,en
coneheads!! join cone for a live q&a on @TalkShopLive now!! â­ï¸ ğŸ–¤https://talkshop.live/watch/SLXv-rgKp6â€¦,1,en
New Shakira collaboration on the way. Xx,1,en
"JUST IN: Apple exploring the creation of home robots as ""next big thing.""",2,en
what if I said house of gucci has the best posterâ€¦,2,en
We need Katyâ€™s documentary about what happened from 2017-2018,1,en
"New look at â€˜MOANA 2â€™, set 3 years after the first movie.

In theaters on November 27.",1,en
Taylor Swift Competing With Travis Kelce for a 2024 Webby Award: Full Nominations Announced,1,en
"Two margaritas deep, I heard a song playing called you can go your own way, and I was like wow they are really singing their ass off. Looked it up itâ€™s two band members breaking up I am in TEARS! YOU CAN GO YOUR OWN WAY ğŸ˜­ğŸ˜­ watched the live performance. he canâ€™t even look at her",2,en
.@shakiraâ€™s â€˜Las Mujeres Ya No Lloranâ€™ hit number one on Top Latin Albums and Latin Pop Albums ğŸ’,2,en
Sister ship @NASAVoyager 1 is 22h 32m 47s of light travel time from Earth (2024:094:120000:1L),1,en
Justice for Katy Perry ğŸ’”ğŸ˜¿,1,en
"Conanâ€™s gonna be personally at the gates of the arena asking people if they are in a relationship and if they say yeah heâ€™ll be like â€œgood for you, get out.â€",1,en
"USA Today attended @NICKIMINAJ's #GagCityDC and gave their review of her show:

â€” â€œFor her first U.S. run in eight years, Minaj has crafted her most grandiose productionâ€¦[she] is still the Queen of Rap for a reason.â€",2,en
Nine Milestones BeyoncÃ© Could Reach at 2025 Grammys,2,en
"Israelâ€™s PM says its forces ""unintentionally hit innocent people"" in Gaza, after strike on aid workers kills seven 
 
Follow latest updates https://bbc.in/3VD3g80",0,en
The most sold car on planet earth in 2023 was a Tesla!,2,en
"Thanks to free media this particular chapter of the genocide in Palestine is happening in-front of everybody's eyes. 

Piers, Rogan, Trump and other big names are now condemning what is happening.

But on DAY ONE @Cobratate was telling Piers what would happen.

He knew.",0,en
When Barbie touch downnnnâ€¦ğŸ¤ªğŸ©·@NICKIMINAJ Iâ€™m ready for you babes.,2,en
"BeyoncÃ©â€™s ""Cowboy Carter"" is galloping to No. 1 in the U.K.",2,en
Iâ€™m here! #GagCityBaltimore,2,en
"""Remembered as a hero""
 
Family pays tribute to James Kirby, one of three Britons killed in Israeli strike on Gaza aid convoy https://bbc.in/49CnXo5",1,en
The Everything App gets closer every single day. Weâ€™re building new ways for everyone to find community and connect to one another.,2,en
Feid Announces Joint Album With Yandel: Hereâ€™s What We Know,1,en
Which pussy can mek mi run?,1,en
".@katyperry's ""Never Really Over"" is now certified Diamond in Brazil. ğŸ‡§ğŸ‡·",2,en
does conan sell the found heaven necklace separately because i don't collect cds i'm a vinyl girlie,1,en
"First look at â€˜MUFASA THE LION KINGâ€™.

In theaters on December 20",1,en
Funimation has officially closed,1,en
She sounds exactly like The Countess i am screaming,1,en
am i the only one that didnâ€™t notice conan start singing a song from found heaven by accident during the live? the sheer panic in his eyes ğŸ˜­,0,en
WHAT DOES IT MEAN,1,en
"JUST IN:

U.S. SEC Calls for Comments on Spot ETH ETFs",1,en
I donâ€™t give a damn HOW pretty it is. Australia will NEVER see me!!!!,0,en
"ğŸ‡ºğŸ‡¸ â€˜Las Mujeres Ya No Lloranâ€™ on US Billboard:

#1. Top Latin Albums
#1. Top Latin Pop Albums
#2. Top Album Sales
#2. Top Current Album Sales
#4. Top Vinyl Albums
#13. Billboard 200
#30. Top Streaming Albums",1,en
New look at â€˜Moana 2â€™ out November 27th.,1,en
the sleeper hit of the yearâ€¦ this song watches those other â€œhitsâ€ come and go while it stays smashing on the chartsğŸ˜­,2,en
ATTA BABY @REALPACMAN24 â›³ï¸40 $500 WINNERS ğŸ’°ğŸ’°ğŸ”˜Repost this videoğŸ”˜Reply saying something nice to somebodyğŸ”˜Put the easiest way to pay you in the post as well#PMSLive,2,en
high heels on my tippies ğŸ’…ğŸ¼ğŸ’ #PinkFridayNails,2,en
"JUST IN: ğŸ‡ºğŸ‡¸ US Government transfers 30,174 #Bitcoin worth $2.1 billion seized from Silk Road to Coinbase.",1,en
PlayStation 5 Deals: The Limited-Edition â€˜Spider-Man 2â€™ Console Bundle Is $110 Off at Amazon,2,en
conan still being in a friend group with his ex oh my god,1,en
i donâ€™t know how sheâ€™ll top this cover,0,en
ATTA BABY @REALPACMAN24 â›³ï¸40 $500 WINNERS ğŸ’°ğŸ’°ğŸ”˜Repost this videoğŸ”˜Reply saying something nice to somebodyğŸ”˜Put the easiest way to pay you in the post as well#PMSLive,2,en
I donâ€™t give a damn HOW pretty it is. Australia will NEVER see me!!!!,0,en
"ğŸ‡ºğŸ‡¸ â€˜Las Mujeres Ya No Lloranâ€™ on US Billboard:

#1. Top Latin Albums
#1. Top Latin Pop Albums
#2. Top Album Sales
#2. Top Current Album Sales
#4. Top Vinyl Albums
#13. Billboard 200
#30. Top Streaming Albums",1,en
New look at â€˜Moana 2â€™ out November 27th.,1,en
the sleeper hit of the yearâ€¦ this song watches those other â€œhitsâ€ come and go while it stays smashing on the chartsğŸ˜­,2,en
WHAT DOES IT MEAN,1,en
"JUST IN:

U.S. SEC Calls for Comments on Spot ETH ETFs",1,en
Funimation has officially closed,1,en
She sounds exactly like The Countess i am screaming,1,en
am i the only one that didnâ€™t notice conan start singing a song from found heaven by accident during the live? the sheer panic in his eyes ğŸ˜­,0,en
"First look at â€˜MUFASA THE LION KINGâ€™.

In theaters on December 20",1,en
does conan sell the found heaven necklace separately because i don't collect cds i'm a vinyl girlie,1,en
".@katyperry's ""Never Really Over"" is now certified Diamond in Brazil. ğŸ‡§ğŸ‡·",2,en
The Everything App gets closer every single day. Weâ€™re building new ways for everyone to find community and connect to one another.,2,en
Feid Announces Joint Album With Yandel: Hereâ€™s What We Know,1,en
Iâ€™m here! #GagCityBaltimore,2,en
"""Remembered as a hero""
 
Family pays tribute to James Kirby, one of three Britons killed in Israeli strike on Gaza aid convoy https://bbc.in/49CnXo5",1,en
When Barbie touch downnnnâ€¦ğŸ¤ªğŸ©·@NICKIMINAJ Iâ€™m ready for you babes.,2,en
"BeyoncÃ©â€™s ""Cowboy Carter"" is galloping to No. 1 in the U.K.",2,en
The most sold car on planet earth in 2023 was a Tesla!,2,en
"Thanks to free media this particular chapter of the genocide in Palestine is happening in-front of everybody's eyes. 

Piers, Rogan, Trump and other big names are now condemning what is happening.

But on DAY ONE @Cobratate was telling Piers what would happen.

He knew.",0,en
"USA Today attended @NICKIMINAJ's #GagCityDC and gave their review of her show:

â€” â€œFor her first U.S. run in eight years, Minaj has crafted her most grandiose productionâ€¦[she] is still the Queen of Rap for a reason.â€",2,en
Nine Milestones BeyoncÃ© Could Reach at 2025 Grammys,2,en
"Israelâ€™s PM says its forces ""unintentionally hit innocent people"" in Gaza, after strike on aid workers kills seven 
 
Follow latest updates https://bbc.in/3VD3g80",0,en
Justice for Katy Perry ğŸ’”ğŸ˜¿,1,en
"Conanâ€™s gonna be personally at the gates of the arena asking people if they are in a relationship and if they say yeah heâ€™ll be like â€œgood for you, get out.â€",1,en
Taylor Swift Competing With Travis Kelce for a 2024 Webby Award: Full Nominations Announced,1,en
"Two margaritas deep, I heard a song playing called you can go your own way, and I was like wow they are really singing their ass off. Looked it up itâ€™s two band members breaking up I am in TEARS! YOU CAN GO YOUR OWN WAY ğŸ˜­ğŸ˜­ watched the live performance. he canâ€™t even look at her",2,en
.@shakiraâ€™s â€˜Las Mujeres Ya No Lloranâ€™ hit number one on Top Latin Albums and Latin Pop Albums ğŸ’,2,en
Sister ship @NASAVoyager 1 is 22h 32m 47s of light travel time from Earth (2024:094:120000:1L),1,en
"New look at â€˜MOANA 2â€™, set 3 years after the first movie.

In theaters on November 27.",1,en
"JUST IN: Apple exploring the creation of home robots as ""next big thing.""",2,en
what if I said house of gucci has the best posterâ€¦,2,en
We need Katyâ€™s documentary about what happened from 2017-2018,1,en
Katy Perryâ€™s Teenage Dream album cover is actually a painting,1,en
coneheads!! join cone for a live q&a on @TalkShopLive now!! â­ï¸ ğŸ–¤https://talkshop.live/watch/SLXv-rgKp6â€¦,1,en
New Shakira collaboration on the way. Xx,1,en
Itâ€™s been 4 years and youâ€™re STILL a Brokie,0,en
I reiterate my firm call for an immediate ceasefire in the Gaza Strip. I express my deep sorrow for the volunteers who were killed while distributing humanitarian aid in Gaza. I pray for them and their families.,0,en
â€œITâ€™S TIME FOR KATYCATS TO MOVEâ€ -@katyperry #justiceforkatyperry,1,en
Katchatheevu: Tiny Sri Lankan island sparks political row in India,1,en
"when gaga did house of gucci she got dragged for having an accent, for joker she's getting dragging for not having one",0,en
Gaga Daily wouldâ€™ve loved today ğŸ¥ºğŸ’”,2,en
"CRYING. OVER. THIS. ğŸ¥¹ğŸ’œ 
we love you @ChappellRoan",2,en
"BIG BREAKING ğŸš¨#Bitcoin to reach $150K by the end of this year, per Morgan Creek Capital Management CEO Mark Yusko",1,en
How FOX Sportsâ€™ Resident Deadheads Brought Jam Bands To Big Games,1,en
ğ• is winning ğŸ«¡,2,en
Katchatheevu: Tiny Sri Lankan island sparks political row in India,1,en
"when gaga did house of gucci she got dragged for having an accent, for joker she's getting dragging for not having one",0,en
Gaga Daily wouldâ€™ve loved today ğŸ¥ºğŸ’”,2,en
â€œITâ€™S TIME FOR KATYCATS TO MOVEâ€ -@katyperry #justiceforkatyperry,1,en
Itâ€™s been 4 years and youâ€™re STILL a Brokie,0,en
I reiterate my firm call for an immediate ceasefire in the Gaza Strip. I express my deep sorrow for the volunteers who were killed while distributing humanitarian aid in Gaza. I pray for them and their families.,0,en
Katy Perryâ€™s Teenage Dream album cover is actually a painting,1,en
coneheads!! join cone for a live q&a on @TalkShopLive now!! â­ï¸ ğŸ–¤https://talkshop.live/watch/SLXv-rgKp6â€¦,1,en
New Shakira collaboration on the way. Xx,1,en
"JUST IN: Apple exploring the creation of home robots as ""next big thing.""",2,en
what if I said house of gucci has the best posterâ€¦,2,en
We need Katyâ€™s documentary about what happened from 2017-2018,1,en
"New look at â€˜MOANA 2â€™, set 3 years after the first movie.

In theaters on November 27.",1,en
Taylor Swift Competing With Travis Kelce for a 2024 Webby Award: Full Nominations Announced,1,en
"Two margaritas deep, I heard a song playing called you can go your own way, and I was like wow they are really singing their ass off. Looked it up itâ€™s two band members breaking up I am in TEARS! YOU CAN GO YOUR OWN WAY ğŸ˜­ğŸ˜­ watched the live performance. he canâ€™t even look at her",2,en
.@shakiraâ€™s â€˜Las Mujeres Ya No Lloranâ€™ hit number one on Top Latin Albums and Latin Pop Albums ğŸ’,2,en
Sister ship @NASAVoyager 1 is 22h 32m 47s of light travel time from Earth (2024:094:120000:1L),1,en
Justice for Katy Perry ğŸ’”ğŸ˜¿,1,en
"Conanâ€™s gonna be personally at the gates of the arena asking people if they are in a relationship and if they say yeah heâ€™ll be like â€œgood for you, get out.â€",1,en
"USA Today attended @NICKIMINAJ's #GagCityDC and gave their review of her show:

â€” â€œFor her first U.S. run in eight years, Minaj has crafted her most grandiose productionâ€¦[she] is still the Queen of Rap for a reason.â€",2,en
Nine Milestones BeyoncÃ© Could Reach at 2025 Grammys,2,en
"Israelâ€™s PM says its forces ""unintentionally hit innocent people"" in Gaza, after strike on aid workers kills seven 
 
Follow latest updates https://bbc.in/3VD3g80",0,en
The most sold car on planet earth in 2023 was a Tesla!,2,en
"Thanks to free media this particular chapter of the genocide in Palestine is happening in-front of everybody's eyes. 

Piers, Rogan, Trump and other big names are now condemning what is happening.

But on DAY ONE @Cobratate was telling Piers what would happen.

He knew.",0,en
When Barbie touch downnnnâ€¦ğŸ¤ªğŸ©·@NICKIMINAJ Iâ€™m ready for you babes.,2,en
"BeyoncÃ©â€™s ""Cowboy Carter"" is galloping to No. 1 in the U.K.",2,en
Iâ€™m here! #GagCityBaltimore,2,en
"""Remembered as a hero""
 
Family pays tribute to James Kirby, one of three Britons killed in Israeli strike on Gaza aid convoy https://bbc.in/49CnXo5",1,en
The Everything App gets closer every single day. Weâ€™re building new ways for everyone to find community and connect to one another.,2,en
Feid Announces Joint Album With Yandel: Hereâ€™s What We Know,1,en
Which pussy can mek mi run?,1,en
".@katyperry's ""Never Really Over"" is now certified Diamond in Brazil. ğŸ‡§ğŸ‡·",2,en
does conan sell the found heaven necklace separately because i don't collect cds i'm a vinyl girlie,1,en
"First look at â€˜MUFASA THE LION KINGâ€™.

In theaters on December 20",1,en
Funimation has officially closed,1,en
She sounds exactly like The Countess i am screaming,1,en
am i the only one that didnâ€™t notice conan start singing a song from found heaven by accident during the live? the sheer panic in his eyes ğŸ˜­,0,en
"JUST IN:

U.S. SEC Calls for Comments on Spot ETH ETFs",1,en
I donâ€™t give a damn HOW pretty it is. Australia will NEVER see me!!!!,0,en
"ğŸ‡ºğŸ‡¸ â€˜Las Mujeres Ya No Lloranâ€™ on US Billboard:

#1. Top Latin Albums
#1. Top Latin Pop Albums
#2. Top Album Sales
#2. Top Current Album Sales
#4. Top Vinyl Albums
#13. Billboard 200
#30. Top Streaming Albums",1,en
New look at â€˜Moana 2â€™ out November 27th.,1,en
the sleeper hit of the yearâ€¦ this song watches those other â€œhitsâ€ come and go while it stays smashing on the chartsğŸ˜­,2,en
ATTA BABY @REALPACMAN24 â›³ï¸40 $500 WINNERS ğŸ’°ğŸ’°ğŸ”˜Repost this videoğŸ”˜Reply saying something nice to somebodyğŸ”˜Put the easiest way to pay you in the post as well#PMSLive,2,en
high heels on my tippies ğŸ’…ğŸ¼ğŸ’ #PinkFridayNails,2,en
"JUST IN: ğŸ‡ºğŸ‡¸ US Government transfers 30,174 #Bitcoin worth $2.1 billion seized from Silk Road to Coinbase.",1,en
PlayStation 5 Deals: The Limited-Edition â€˜Spider-Man 2â€™ Console Bundle Is $110 Off at Amazon,2,en
conan still being in a friend group with his ex oh my god,1,en
i donâ€™t know how sheâ€™ll top this cover,0,en
Nah I love the Barbz fr,2,en
Chance The Rapper & Wife Kirsten Corley Announce Divorce After 5 Years of Marriage,1,en
"One child dead and two seriously wounded in Finland school shooting after pupil, 12, opened fire, police say",0,en
Community Notes now active on India!,1,en
Best concert EVER!! I cried danced and allllllll!!!!!!! ğŸ¦„ğŸ¦„ğŸ¦„ #GagCityBaltimore,2,en
CTS Eventim to Buy Vivendiâ€™s Ticketing & Events Businesses,1,en
My PF2 tour FIT @NICKIMINAJ I am definitely permanently signing my contract as a resident into GAG CITY again amazing show,2,en
Whatâ€™s Your Favorite Shakira No. 1 Billboard Latin Pop Airplay Hit? Vote!,1,en
Microsoft: Technology giant splits Teams and Office globally,1,en
BREAKING: Bloomberg is dying. ğŸª¦Media sites are continuously experiencing a decline in traffic.,0,en
I am the most famous man in the world and avoid speaking to famous people because theyre all gay and weird.,0,en
"My analysis of the Putin interview.

I am only street smart.

Ive never professed to be anything else.

But these street smarts have taken me to the highest echelons of finance and fame without selling my soul, leaving me pitted in a mortal battle against The matrix for my veryâ€¦",1,en
"If you wanna laugh just remember:

There is a â€œmanâ€ being cucked into buying a gift for the used, non-virgin women heâ€™s dating for Valentineâ€™s Day.",0,en
JUST IN: Coinbase partners with Lightspark to integrate #Bitcoin Lightning Network.,1,en
"Every Shakira Album, Ranked: Criticâ€™s Picks",1,en
I would never recommend to any of my clients to do any sort of business with Pique.,0,en
Anyone from the UK here? Who is Lucien Laviscountâ€™s ex and why is she writing a column in a British tabloid about Lucien and Shakira?,1,en
Look how she ate that ğŸ˜­ğŸ˜­ğŸ˜­,0,en
boys & girls was the song that took him the longest to writeâ€¦,1,en
if burgerdiseases is anything like affluenza im gonna scream,0,en
ALL THE RESULTS FROM THE FOUND HEAVEN QUIZ!!,1,en
There will never be more than 276^3 #bitcoin.,1,en
"Instagram? Down

Whatsapp? Down

Katy Perry: still standing ğŸ™ŒğŸ»",2,en
"Where we're going, we don't need roads. ğŸš˜@NASA has selected Intuitive Machines, Lunar Outpost, and Venturi Astrolab to advance capabilities for a lunar terrain vehicle that #Artemis astronauts will use to travel around the lunar surface.

READ MORE ğŸ‘‡",1,en
"Interesting ğŸ¤” 

And whatâ€™s going on with engineering?",1,en
Jimmy Butler update,1,en
WHAT. THE. FUCK.,0,en
"â€œKaty Perry is about 2 serve biggest musical comeback since Mariah Carey with The Emancipation of Mimi. Her latest album, mostly finished, has wowed music industry insiders: ""It's mostly a â€˜return to form.â€™ â€˜Songs are more mature, but have Katy Perry signature quirk.â€™ â€œ

â€”â€¦",2,en
BeyoncÃ©â€™s â€˜Cowboy Carterâ€™ Songwriting Credits: Hereâ€™s Who Wrote Each Song,1,en
Witness is one of the best songs in Katyâ€™s career. We all want to be seen and we all are looking for a witness in all this mess. @katyperry u genius,2,en
All I was trying to say is that her being ghetto or getting called ghetto doesnâ€™t hinder her career. Essence wrote an article and asked why was my viral birthday trip not sponsored by any brands  and yall said it was because Iâ€™m â€œ Ghetto â€œ and not â€œ marketable â€œ so Iâ€™m giving anâ€¦,0,en
I was today years old when I found out Ethiopia is 8 years behind everyone else so it's currently 2016 there?! ğŸ˜­ğŸ˜­ğŸ˜­,0,en
"In case you thought government trying to force home sales for â€œasylum seekersâ€ was a myth, this is already happening in Britain!",0,en
"You can't win the game completely alone.

No one has.

Every great man always had other great men by their side.",1,en
Clothes of French toddler Emile Soleil found near remains in French Alps,1,en
#GagCityDc was a movie @NICKIMINAJ thank youğŸ€ğŸ˜©,2,en
"In a jail cell for an unknown period of time

Facing the largest of battles

It was the perfect time for any traitors on my team to betray me

But my team remained solid

Flawless

I am the perfect judge of character

Surrounded by impeccable men

Teams like mine cannot lose.",2,en
Lady Gagaâ€™s most liked Instagram posts so far this year,2,en
Katy Perry x American Idol,1,en
20 million views for a POSTER from one twitter account in 24 hours is actually insane if you think about it,1,en
Afrobeats star Davido to sue over Kenyan April Foolâ€™s joke,1,en
Minnie took AWF ğŸ˜­ğŸ˜­ğŸ˜­ğŸ˜­ y'all not about to see her minussy out like that,0,en
"Wow, 5 million followers! I remain so grateful to each and every one of you for supporting me on this journey and for believing in me through every life transition. 

Thank you all ğŸ™",2,en
Theyre in trouble...,0,en
"joker trailer didnâ€™t release yet, weâ€™re not even close to october and weâ€™re already defending gaga for this harley role.. weâ€™ve got a big storm coming.",1,en
"Iâ€™ve seen @NICKIMINAJ twice!
Tonight in Bmore and last night in DC
I can say unequivocally that I MUST SEE HER AGAIN BUT FRONT ROW FROM NOW ON!
I WILL forever remember these past two nights!
Sheâ€™s the undeniable Queen of Rap!
Her fanbase is unmatched!
Iâ€™m hooked!",2,en
conan fans when they remember conan is a male ğŸ˜­ğŸ˜­ğŸ˜­ğŸ˜­ğŸ˜­,1,en
the fact that conan is still in the same friend group with his ex GIRL LEAVEEEE IF I WERE HIM I WOULDNT TAKE IT ANYMORE ESPECIALLY HOW AWKWARD THAT COULD BE,0,en
i think conan started singing one of the songs cause he started singing and then made wide eyes and then stopped LMFAO,1,en
The former President of PayPal is now helping the largest US #Bitcoin exchange integrate the Lightning Network âš¡ï¸Bullish ğŸš€,2,en
the fact that Tony kept all these cards from Gaga Iâ€™m so emoğŸ˜­,0,en
How Interscope Pioneered the Modern Labelâ€™s Approach to Sports,1,en
the last signed copies of found heaven are available here â­ï¸https://talkshop.live/watch/SLXv-mngKp6uâ€¦,1,en
i love the one that actually looks mentally ill,2,en
Shakira New Tour - Announcement this Month,1,en
A Star Is Born. House of Gucci. Joker II. Lady Gaga conquering Hollywood is just insane. ğŸ˜­,0,en
Katy Perry deserves respect.,2,en
Golden Globes Sign Five-Year Deal With CBS; Here Are All the Key Dates for the 2025 Show,1,en
"Media: The demand for Tesla products is fading.

Reality: Tesla Model Y was the best selling car on Earth in 2023.",2,en
Roofs blown away and trees uprooted after US storms,0,en
#GagCityBaltimore #GAGCITY ğŸ€ğŸ’“,2,en
"This is so wrong, too. Netanyahu is trying to prevent Israelis from seeing the reality on the ground in Gaza. Thatâ€™s what autocrats do, not democratic leaders.",0,en
Thereâ€™s An Extended Episode of â€˜Vanderpump Rulesâ€™ Online -- Hereâ€™s How to Watch & Stream the Show Without Cable,1,en
"ğ•®ğ–”ğ–˜ğ–’ğ–ğ–ˆ ğ•®ğ–ğ–—ğ–”ğ–“ğ–ğ–ˆğ–‘ğ–Šğ–˜
SpaceX Achieves Ambitious Goal: 12 Falcon 9 Missions in a Single Month

In pursuit of its ambitious objective to conduct 150 missions in 2024, SpaceX has reached a significant milestone by completing 12 Falcon 9 missions in a single month. SpaceXâ€¦",2,en
Microsoft splits Teams and Office globally,1,en
Hard to kill.,0,en
#GagCityBaltimore #GAGCITY ğŸ¥°ğŸ©· we love you #NickiMinaj,2,en
"Elon Musk at the screening of ""A Brief History Of The Future"" in New York",1,en
i think bourgeoisieses is supposed to be a mashup of the words â€œbourgeoisieâ€ and â€œdiseasesâ€ kinda like affluenza being a mix of â€œaffluenceâ€ and â€œinfluenzaâ€,0,en
Hello 1.4B people - welcome to @CommunityNotes!,2,en
"""Judas"" received 492,957 streams this Tuesday ğŸŒŸğŸ–¤",2,en
"Inside the â€˜Evolutionâ€™ of Record Label Radio Staffs, as Layoffs Hit Promotions Departments Hard",1,en
"Other notable adds on US Rhythmic Radio this week

â€¢Enough (Miami) @iamcardib (3)
â€¢Get It Sexyy @SexyyRed314_ (3)
â€¢Punteria @shakira ft. @iamcardib (3)
â€¢Spaghettii @Beyonce ft. #LindaMartell & @ShaboozeysJeans (1)
â€¢Tyrant @Beyonce ft. @DollyParton (1)
â€¢Ya Ya @Beyonce (1)â€¦",1,en
some of yâ€™all were really expecting her to sound like this in a movie as serious as joker ğŸ˜­ğŸ˜­,0,en
WAIT SO IT IS THE FINAL FLIGHT??????,1,en
"This morning, at the gas station, there was a guy in front of me trying to get $4 worth of gas. His card kept getting declined and you could see how embarrassed he was. After the third time of watching this happen I decided to jump in and offer to pay for his gasâ€¦ except Iâ€¦",0,en
HE SAID NO CONMENTS TO BOYS & GIRLS BRUH WTF,0,en
When Richard said he was going to retire soon in season 1,1,en
"Joker: Folie Ã  Deux, featuring Joaquin Phoenix and Lady Gaga, has been given an R rating due to:

- Occasional instances of strong violence
- Frequent use of explicit language
- Depictions of sexuality
- Brief scenes of full nudity",1,en
this is actually nuts LMAO,0,en
"Mental fragility is promoted at every opportunity and people wonder why depression increases.  

Because itâ€™s taboo to tell people to think stronger, be stronger or act stronger.  

Weâ€™re told to cave instantly to all of our emotions all of the time.  

Itâ€™s dangerous.",0,en
conan was at billieâ€™s partyâ€¦no photoâ€¦.conan met his lost twin duaâ€¦no photoâ€¦conan met lordeâ€¦no photoâ€¦,1,en
"Looks like that LG7 process is going in reverse, she was recording in January, mastering in February and... writing in March???, Gaga what's happening?",1,en
Weâ€™re tipping our hats to #KatyPerryâ€™s look at the #iHeartAwards2024. ğŸ˜‰,2,en
"I donâ€™t believe most presidential polls, partly because Iâ€™ve personally NEVER been polled in my entire life â€” not even once. 

How about you â€” have you ever been polled about who you support for president? ğŸ¤”",0,en
Katy Perry for the next episode of American Idol.,1,en
JUST IN: Coinbase to integrate #BTC Lightning Network!,1,en
Must-Have Makeup: 9 New Beauty Products to Buy for Spring 2024,2,en
Republican Speaker Johnson makes fresh push for Ukraine aid,1,en
oh bitch she ate it up times 10 tonight for baltimore,0,en
"From William Wallace screaming ""FREEDOM"" to being afraid of words.

Scots, what happened?",0,en
Doge is Everywhere ğŸŒğŸ’«,2,en
Usher Reveals His Super Bowl Strategy â€” And The Halftime Veteran Who â€˜Gave Me Some Notesâ€™,1,en
Kirsten Dunst: 'I didn't even think to ask for equal pay',0,en
"Is it Gods will for you to demonstrate that you have no souls?

Were you chosen by God to show that youâ€™re heartless monsters?

Is it Gods intention for the entire world to be disgusted by your actions?",0,en
Nicki has arrived on stage in #GagCityDC,1,en
.@taylorswift13's Songwriting and Production Analyzed: 13 Secrets to Her Chart Success,1,en
Shakira is set to appear on â€˜Hot Onesâ€™ this Thursday.,1,en
"â€˜JOKER: FOLIE Ã€ DEUXâ€™ has been rated R for â€œsome strong violence, language throughout, some sexuality, and brief full nudity.â€

In theaters October 4, 2024.",0,en
".@katyperry's ""Never Really Over"" is now certified Diamond in Brazil.",2,en
"We're looking for a designer/frontend engineer to join the London team. If you're great at UI design and you can implement your designs in React, please apply so we can pixel-peep together.",2,en
"â€œ(Entre ParÃ©ntesis)â€ by Shakira and Grupo Frontera has reached 10 million views on YouTube, but deserves waayyyyyy more. ğŸ¤  Watch â†’ http://youtu.be/PEgoHBnZXzE",2,en
"""Lady Gaga iS dEsPeRaTe FoR ThAt OsCaR""

Meanwhile Lady Gaga",1,en
"forget first episode, glee got me from its very first line",2,en
"Previous version of FSD have had a very hard time dealing with this kind of stuff.

FSD 12 nailed it.",1,en
Now Amanda can hear the news,1,en
JUST IN: ğŸ‡ºğŸ‡¸ FED Chair Jerome Powell says don't expect interest rate cuts until more confidence on inflation.,1,en
Not Shakira dragging North Americansâ€™ uncultured asses ğŸ˜­,0,en
China property giant Country Garden suspends shares in Hong Kong,1,en
Katy Perry x American Idol,1,en
"JUST IN: ğŸ‡ºğŸ‡¸ BlackRock and Fidelity now own a combined 402,697 #BTC worth $26.7 billion for their spot #Bitcoin ETFs ğŸ‘€",1,en
Every change to our voting system seems designed to make it harder to know if cheating happened.,0,en
iâ€™m loving the friendship of sza & katy perry,2,en
the way you guys use Mexican as an insult is fucking weird,0,en
Silver is up 8% in a week. And here is a video of the â€œgeniusâ€ inventor of ethereum. Call me crazy but Iâ€™m sticking with the store of wealth from back in the far before time when mental illness wasnâ€™t praised as a virtue.,1,en
Youâ€™re right on a lot but wrong on crypto,1,en
The upcoming Cheech & Chong MW3 & Warzone Operator Bundle has a weapon tracer that will turn enemies into joints.,1,en
Dua Lipa Teases Snippets of New Album â€˜Radical Optimismâ€™: â€˜Itâ€™s the Beauty of the Chaosâ€™,1,en
"Florida's top court ushers in six-week abortion ban, but voters will have their say",1,en
About to go on station head to give out tkts,1,en
YG and His 4Hunnid Label Partner With BMG,1,en
"""This is a battle for the future of civilization. If free speech is lost even in America, tyranny is all that lies ahead.""",0,en
"This Playlist is designed to give you POWER.

FIRE BLOOD.

BADMANNNN RIDDIMS

The Power is GUARANTEED.

But what will you use this power for?

This Playlist holds some of the exact RIDDIMS I listened to on my ascent to 4x World Champion.

It holds the music that powered up myâ€¦",2,en
Man charged with murder of Irish woman in New York,0,en
Baltimore did they big one with the Barbie Dangerous Lemon Drop ğŸ˜­ #GagCityBaltimore,1,en
Save the date! #BillboardLatinWeek is returning to Miami this October. ğŸ˜ğŸŒ´,2,en
"â€œWhenever, Whereverâ€ had its biggest streaming day of 2024 on Spotify yesterday (479,768 streams), and â€œLa Torturaâ€ had its biggest streaming day ever on the platform (408,059).

[source: @Shakira_Vitium]",2,en
Lady Gaga screaming â€œJOKERSâ€ two days after she announced she was going to be in Joker 2â€¦ so iconic,2,en
Could Ethiopian emperorâ€™s stolen clothes be found in Manchester?,1,en
Kirsten Dunst on Jonathan Glazerâ€™s Oscars speech: â€œMy interpretation was he was saying that genocide is bad.â€ https://wp.me/pc8uak-1lDWTx,1,en
"ğŸš¨ ğŸš¨ ğŸš¨ ğŸš¨ ğŸš¨ ğŸš¨ ğŸš¨ ğŸš¨ ğŸš¨ ğŸš¨  4,824 #BTC (317,962,687 USD) transferred from unknown wallet to Coinbase Institutionalhttps://whale-alert.io/transaction/bitcoin/9a4c7bf86a8b2dabd9755bc282f57ef2b49c85168c137fe1a2458011cad952ddâ€¦",1,en
conan is getting 2 streams for found heaven,1,en
we're literally in 4 different eras currently,1,en
"This song is so hated in this fandom, but it's a fuking masterpiece",0,en
"""Sunlight is the best disinfectant.""",2,en
the final fight is about wishing you were the one that said the last thing before the relationship ended so i guess thatâ€™s why itâ€™s so short i imagine it like a back and forth and then it ends abruptly cuz he didnâ€™t got the last word so you just listen to it again and again,1,en
"If anybody needs Elmo, Elmo will be right here coloring! ğŸ–ï¸ğŸ‘",2,en
highkey need gaga to do some comedy after the joker 2 cycle,1,en
THE WAY IT LOOKS LIKE THEYRE ON A STAGE WITH A SPOTLIGHT ON THEM BUT ITS ACTUALLY LIGHT FROM A PRISON WINDOW OH TODD YOUR MINDâ€¦,1,en
"â€˜They met in a diner in Ft. Lauderdale, a greasy spoon that Trump knew well. He would often send a flunky there for chili fries â€˜best ones south of Palm Beachâ€™ he liked to say. He was a connoisseur of salt & fat. His two fav food groups. For someone who sculpted hisâ€¦",1,en
This been making me fall out ğŸ˜­,0,en
The start of today's game will be delayed. Further updates will be provided as they become available.,1,en
All you got to do is smile that smileâ¤ï¸,2,en
The Secrets Behind the Best Sports Synchs,1,en
Nicki you really GAGGED ME ! ğŸ’–ğŸ¦„I love you so much . See you tomorrow ğŸ¥¹ @NICKIMINAJ #GAGCITY #GagCityDC,2,en
itâ€™s starting to sink in conan album so soon guys oh my word,2,en
"Many people canâ€™t comprehend how you can have a relationship with God and not be religious. But the truth is, many of us got much closer to God once we evolved beyond organized religion.",2,en
Best part of this picture is being around all the @SpaceX team that makes commercial missions like @PolarisProgram possible.,2,en
LOCAL ARTIST IN KENYA PRODUCE ARTWORK OF TATE BROTHERS ON A VAN USED FOR FOOD AID@Cobratate @TateTheTalisman,1,en
"Twitter 1.0 - Where everyone made money, except the content creators & the advertising companies.

ğ• - Where revenue sharing with creators, & high conversions for the advertising companies, are the top priorities.",2,en
Rod Wave Arrested on Weapons Charges as Police Accuse Him of Ties to Florida Gang Shooting,0,en
Josh Allen now gets the chance to prove he doesnâ€™t need Stefon Diggs anymore just like Patrick Mahomes proved he didnâ€™t need Tyreek Hill.,1,en
I still believe that all the best bangers are ahead of us.,2,en
Billie Eilish and Nicki Minaj want stop to 'predatory' music AI,1,en
"Billboard Bubbling Under Hot 100: #20(new) (Entre ParÃ©ntesis), @Shakira and Grupo Frontera.",1,en
"Wasnâ€™t nervous tonight. 
Thank you for that #GAGCITYDC #GAGCITYDMV 
When you can do that for a person, you have a real light 
w/in you. God bless you all. 

This show was EFFING INCREDIBLE. IDC IDC IDFCCCC

And the REALEST N!gg@ of ALL time blessed us AGAIN!!!!!@50cent ğŸ™ğŸ½ğŸ†â™¥ï¸",2,en
Lady Gaga updates her bio on Instagram.,1,en
"Olive Garden and LongHorn Steakhouse have reported last week that households with incomes above $150,000 had more transactions at its restaurants in the most recent quarter than a year ago, whereas transactions among those making less than $50,000 fell, per Axios.",1,en
Consistency is incredibly valuable,2,en
"ASIB: â€œsheâ€™s just playing herselfâ€
HOG: â€œthe accent is wrongâ€
J2: â€œsheâ€™s using her normal voiceâ€ 

Yâ€™all are DRAINING",0,en
does any one know where i could find some Unsolicited advice? preferably from people with weird personality disorders who dont know anything,0,en
"in retrospect, calling the never ending song grocery store â€œfood heavenâ€ was insane",0,en
"Fun fact

In the movie The Matrix, Neo's passport has an expiration date set to 9/11/2001",1,en
We can have equal treatment or equal outcomes. Pick one.,1,en
"â€œNothing can make you happier than having kidsâ€
 - Elon Musk",2,en
Billionaires with the guts to stand up against woke mobs:@elonmusk@jk_rowlingIs there anybody else?,1,en
neither of these two ever sign up for a normal movie so this is gonna be the most heart-wrenching love story of all time trust and believe,2,en
"IT'S ON! ğŸ’¥ @erakulis_app is a project very close to my heart. Born from my desire to promote a balanced and healthy lifestyle for everyone. Now, the tools to care for your body and mind are right at your fingertips!

Find out more: http://erakulis.com",2,en
"Julia Garner has been cast as a female Silver Surfer in â€˜FANTASTIC FOURâ€™.

(Source: Deadline)",1,en
"Immediately following the initial attacks on the World Trade Center, tunnels were closed, and traffic fleeing Manhattan via bridges reached a standstill. 

Many civilians, especially in those neighborhoods closest to the attacks, were desperate to escape the island but had no wayâ€¦",0,en
"Netanyahu is a fucking monster.

That's the tweet.",0,en
the fact that he confirmed that he signed all of the cds and vinyls on his couch is soâ˜¹ï¸â˜¹ï¸ conan you are so loved,2,en
"Just lectured my son about misplacing his glasses while he was anxiously looking for them. 

He said, mommy youâ€™re making me more nervous. Can we talk afterwards. 

Good for him because I was wrong. I aided in his dysregulation. I mess up, too.",0,en
JUST IN: Cathie Woodâ€™s ARK Invest says #Bitcoinâ€œis an insurance policy against rouge regimes.â€,1,en
Man is going viral for saying that Soulja Boy is more of a rap legend than Nipsey Hussle.,1,en
We love and support you Elon ğŸ¤—,2,en
"If the Left is so dumb, why do they keep winning the most important elections",0,en
NEWS ğŸš¨: NASA's Parker Solar Probe makes 1st-of-its-kind observation within a coronal mass ejection,1,en
Rod Wave was arrested today for possession of a firearm by a convicted felon.,0,en
.@katyperry in new promotional photos for @AmericanIdol ğŸŒº,1,en
"BeyoncÃ©â€™s ""Texas Hold â€˜Em"" is on the rebound in the U.K.",2,en
Al Hilal: Sudanese champions play on 'to distract people from war',0,en
like she ate this! #GagCityBaltimore NICKI I LOVE YOU !,2,en
"I remember 2 years ago when I bought a 5,4million dollar Bugatti it was a big deal.

Now I have 75,000,000 dollars of cars in the middle of a global bank freeze Matrix attack and dont even give a fuck.

I own the largest online http://university.com in the world.

Its amazingâ€¦",2,en
Andrew Tate - Midnight Drive,1,en
Latin Music Week Returns to Miami In October 2024 ğŸŒ´ #LatinMusicWeek,1,en
Horse airlifted after nearly 24 hours stuck in a river,0,en
Nicki Minaj brings out her artist Tate Kobang (@1buttnaked) to perform â€œRNBâ€ and â€œBankrollsâ€ in his hometown Baltimore ğŸ”¥,2,en
"Tip Jar will be soon available on web. It will significantly benefit creators on the platform.

via @nima_owji",2,en
Why This Company Wants To Recycle Instrument Strings Across the Globe,1,en
Politicians condemn disorder after Derry parade,0,en
The Last Goodbye: Los Temerarios Close 40-Year Career With Record-Setting Tour,1,en
"i wonder what will be the canonical explanation for why Gagaâ€™s Harley is blonde with brunette roots

does Harley happen to like bleaching her hair just like Stefani does? 

does she change her hair because Arthur is into blondes?",1,en
FINALLYYY those messy highlights are out the wayyyy,1,en
When I learned this scene was based on a true story I almost threw upâ€¦,1,en
Miley Cyrus and Post Malone are rumored to have a collaboration in the works.,1,en
"â€œThe first person who benefits from an act of charity is the benefactor himself, by seeing the changes in himself and in his manners, by finding peace, by watching a smile form on the lips of another person.â€",2,en
"BREAKING:

President Trump said ""When I win, tax cuts for all and an economic boom!""",2,en
"KP6:

- 500k copies sold in its first week 
- 5 deluxe versions and alternate covers 
- fraudulent radio play and streams 
- satanic accusations 
- 6 tv performances 
- 4 viral songs 
- 3 #1 hits 
- streaming farms",1,en
"I STILL canâ€™t believe itâ€™s over, this was truly one of the most memorable nights. I loved every second, every moment. Thank you to all the barbs whoâ€™ve been so supportive and true to themselves you all are the best I love you guys â˜ï¸ğŸ©· #gagcitydc #gagcitydmv @NICKIMINAJ",2,en
"Yup. Iâ€™m that journalist! Both HuffPost & Observer are FANTASTIC news outlets. My condemnation for generating hate clicks against Perry was for my former self, not these great news outlets.",2,en
Americans are the only ones who cares about accent like what the fuck is a New York accent y'all fuckers sounds the same,0,en
Grateful for these last four years and excited for this next chapter. #BAYOUBARBIEOUT,2,en
Lady Gaga at the Venice Film Festival (2018),1,en
Joker has been portrayed by numerous male actors and nobody had an issue with it. Yâ€™all always feel entitled to these opinions when it comes to female characters. Just say you love to pit women against each other and go.,1,en
the dead wife at the beginning of the movie,1,en
Jon Bernthal shares a new â€˜DAREDEVIL BORN AGAINâ€™ BTS photo with Charlie Cox and Deborah Ann Woll,1,en
BREAKING: Judge denies Trump immunity claim in hush money case.,1,en
.@munilong Is â€˜Made forâ€™ No. 1 on R&B/Hip-Hop Airplay Chart,1,en
What Will It Take To Get the Music Industry to Go Green? Live Veteran Amy Morrison Has Ideas,1,en
Student escapes Sudan war to start university course,1,en
This has to be one of my fav segments of the show ğŸ¥¹ she knows how to speak to the soul ğŸ©· #GagCityBaltimore,2,en
A Complete Guide to Every 2024 Coachella Party & Event (Updating),1,en
Marc Brys: Appointment of new Cameroon boss surprises country's FA,1,en
"SHAGGY THE GOAT Part 2 | Tate Confidential Ep 225

Watch now:",1,en
Watch the full Tate Confidential episode exclusively on Rumble:,1,en
Hot 100 First-Timers: Artemas Debuts With Viral Hit â€˜I Like the Way You Kiss Meâ€™,1,en
This graph now has more views than his last 3 episodes combined. â˜ ï¸,2,en
Actor and comedian Joe Flaherty dead at 82,1,en
Here Are the Lyrics to Shakira & Cardi Bâ€™s Flirty â€˜Punteriaâ€™ Translated to English,1,en
How Big a First Week Will BeyoncÃ© Lasso With â€˜Cowboy Carterâ€™?,1,en
"Please pray for Xavier. Heâ€™s in surgery right now to remove the neuroblastoma cancer from his chest and spine.

Thank you all for loving our boy.#XaviersFight ğŸ’œğŸ—ï¸ğŸ’›",2,en
"First clip from â€˜THE BEARâ€™ Season 3

Releasing in June on Hulu.",1,en
Canâ€™t believe this was the era when little monsters abandoned herâ€¦,0,en
this actually changed the evolution of editing this is why tiktok edits are the way they are today,2,en
My opinion of Colorado State University just increased.,2,en
"NEWS: Cathie Wood says she still has a $2,000 price target for $TSLA shares.

â€œNow is not the time to run for the hills,â€ she said on CNBC.",1,en
ariana has blocked a fan because they uploaded a post with a taylor drag!,0,en
Thank you @katyperry for this hot girl tip of the day! ğŸ˜‚ğŸ©· #iHeartAwards2024,2,en
â€œSwifties only hate Kanye bc of Taylorâ€ no we hate him bc heâ€™s a vile human and what he did to Taylor is a reflection of that,0,en
lady gaga explaining the plot of joker 2,1,en
"At 24, Shakira created this worldwide hit that everybody remembers to this day.

Now, at that age (or even older), you are dragging her on the internet and no one will remember that ğŸ˜˜",1,en
Boy's message in a bottle found in Denmark,1,en
"ğŸ’• #GAGCITYDC was def one of them ones. All the right clothing, etc.",2,en
Signed: Lewis Capaldi Connects With PPL; Lil Mosey Synchs Up With Cinq,1,en
this is actually insane.,0,en
ğŸš¨ | Conan Grayâ€™s upcoming album â€œFound Heavenâ€ is 36:42 minutes long. There are 13 tracks on the album including 5 earlier released songs.â—ï¸The album comes out TOMORROW!,1,en
".@shakira makes history this week, thanks to her new album â€˜Las Mujeres Ya No Lloran.â€™

The set debuts at No. 1 on the #TopLatinAlbums chart, becoming her seventh No. 1. She ties @jennirivera and @SelenaLaLeyenda for the most in history among women.

Details:â€¦",2,en
What Does a Head of Sustainability In the Music Business Actually Do?,1,en
"Travis when he read  
â€œHappy belated Independence Day from your local neighborhood independent girlies ğŸ˜See you tonight Kansas Cityyâ€",2,en
listen guys i fear we ate,0,en
Rebel Wilson Believes Adele â€˜Hatesâ€™ Her Because of â€˜Fat Amyâ€™ Comparisons: â€˜People Would Confuse Usâ€™,0,en
Solar eclipse path: A guide on where and how to watch it in North America,1,en
"John Sinclair, Former MC5 Manager and Activist, Dies at 82",0,en
"Told you so, Barbz. Love you",2,en
"Finland shooting: Child, 13, wounds three in Vantaa school shooting",0,en
"Jordan Davis, Morgan Wallen & Big Loud Publishing Lead 2024 AIMP Nashville Country Awards Honorees",1,en
"I may be a tall, sexy, genius-level IQ, humble, BILLIONAIRE.

But that doesn't mean I am one of those elitist snobs, I sometimes wash one of my 63 supercars myself.

Top G.

The G stands for Man of the People.",1,en
#GagCityDC ğŸ’–ğŸ¤ @NICKIMINAJ love you long time!,2,en
Simon Coveney stepping down from Irish Cabinet,1,en
"Bizarrapâ€™s Best Music Sessions, Ranked: Criticsâ€™ Picks",2,en
"A History of Disses at No. 1 on the Billboard Hot 100, From â€˜Youâ€™re So Vainâ€™ to â€˜Like Thatâ€™",1,en
"Lil Yachty, Who Worked at McDonaldâ€™s As a Teen, Stars in a New Ad for the Golden Arches",1,en
Arthur Wharton: Preston North End honours trailblazing black footballer,1,en
"Itâ€™s crazy because when I became famous people said Iâ€™m ghetto, talked shit about my accent, call me dumb because the way I speak, say I got no couth, talk about my teeth , my braids, my two bunsâ€¦ and to this day no matter what I accomplished I still get called a stripper allâ€¦",0,en
"Musicians Vote to Ratify New Contract With Film Studios, Including Streaming Residuals",1,en
They got us before we even got inğŸ˜­ğŸ©· #GagCityBaltimore @kash_leeda @lifeewithsav,0,en
The Houston Texans have a Top __ offense,2,en
"BeyoncÃ©â€™s â€˜Cowboy Carterâ€™ Legendary Inspirations & New Collaborators All Up in Streams: Linda Martell, Dolly Parton, Brittney Spencer & More",2,en
TOMORROW FOUND HEAVEN RELEASES!!! flashback to the beginning of this current era... where were you when this dropped? cause lives were changed that day,1,en
ice spice was hanging with cardi and taking pictures?,1,en
.@StevenVictor on Changing â€˜How the Modern Athlete Looks Tomorrowâ€™ With His Expansion Into Sports Management,1,en
This is insufferable. Literally keep it to yourself. I legit could never go out to eat or be around someone like this. I donâ€™t care about your disordered relationship with food. Shut up.,0,en
How to Watch Womenâ€™s March Madness 2024 Final Four Games Online Without Cable,1,en
Here Are the 6 Best Earplugs to Help Protect Your Hearing at Concerts,2,en
"ALERT:  New York judge Juan Merchan denies Trump claim of presidential immunity in NY criminal case. 

Judge says, among other things, Trump â€œhad myriad opportunities to raise the claim of presidential immunity well before March 7â€",1,en
YG Entertainment Names Yang Min-seok Sole CEO,1,en
Yo @UberEats @Uber_Support Iâ€™ve never seen worse customer service in my life.,0,en
"Jean-Paul Vignon, Stylish French Vocalist & Actor, Dies at 89",1,en
and if i say his whole discography,1,en
.@shakira's â€˜Las Mujeres Ya No Lloranâ€™ Storms In at No. 1 on Top Latin Albums and Latin Pop Albums,1,en
"Three station crew members, including @NASA astronaut Loral O'Hara, are scheduled to begin their return to Earth on Friday, April 5. NASA TV will provide live coverage of their departure and landing.",1,en
this is the most popstar someone has pop starred in recent years ğŸ˜­,2,en
Kanye West Sued by Ex-Donda Academy Staffer Who Says Rapper Threatened to Lock Students in Cages,0,en
Watch: Taiwan earthquake shakes man in rooftop pool,1,en
Sabrina Carpenter Channels the â€™90s for SKIMSâ€™ Sultry Underwear Campaign,1,en
17 SOLD OUT SHOWS ğŸ€ğŸ¦„ come thru  #GagCityBaltimore #PinkFriday2Tour #PinkFriday2 #NickiMinaj NICKI ITS YO WORLD ğŸŒ AINT IT ğŸ’˜ğŸ¦„,2,en
"Three of the seven aid workers killed in Israeli strike in Gaza were British, charity World Central Kitchen confirmshttps://bbc.in/3vxW0jd",0,en
Travis Kelce Shares What Heâ€™s Learned From Taylor Swift About Music: â€˜Itâ€™s Very Eye-Openingâ€™,1,en
MGK Shares the Lengthy Process of Getting a Blackout Tattoo,1,en
Thousands brave rain for White House Easter egg roll,1,en
Spotify Plans More Price Increases in 2024: Report,1,en
"Casey Wasserman on Music, Sports & the â€˜False Theoryâ€™ of Stars Who Can Do Both",1,en
i'm so not ready for miss you oh my god. it's about him reflecting on the people he liked before in the past which only made him realize that he missed the way these past crushes treated him than the ex he was currently dating at the time?!?!?,0,en
Nosiviwe Mapisa-Nqakula: South Africa parliament speaker resigns over corruption probe,1,en
These Are the Sports Anthems of the Future,1,en
The first trailer for â€˜Joker 2â€™ starring Joaquin Phoenix and Lady Gaga will be released on April 9th.,1,en
"Pharrell Faces Neptunes Dispute, Lucian Grainge Blasts Diddy Claims & More Top Music Law News",1,en
"â€˜Joker: Folie Ã  Deuxâ€™ starring Joaquin Phoenix & Lady Gaga is rated R for:

â€¢ some strong violence
â€¢ language throughout
â€¢ some sexuality
â€¢ brief full nudity",1,en
Rabbit emerges from the ocean. I have now seen everything I need to see in life.,2,en
Boof+Barbz= PERFECTION ğŸ’ªğŸ½,2,en
The Red Clay Strays Set European Concert Dates,1,en
#CTESPN had it first ğŸ“ˆğŸ¬Most trusted source in all of sports,2,en
Travis Kelce Says So Far This Year Heâ€™s the â€˜Happiest Iâ€™ve Ever Beenâ€™,2,en
"""If civilization doesn't grow, nothing else matters.""",0,en
Drew Goddard is set to write & direct a new â€˜MATRIXâ€™ movie.,1,en
AHHHHH BOURGEOUSIESES IS AFFLUENZA PT2 CONFIRMED,2,en
Frank Oceanâ€™s â€˜Lostâ€™ Hits 1 Billion Spotify Streams,1,en
The Unlikely Rise of Nebulossa: From Running a Beauty Clinic to Representing Spain at Eurovision,1,en
"â€œHarleys In Hawaiiâ€, de Katy Perry, ultrapassou a marca de 500 MILHÃ•ES de streams no Spotify. ğŸŒº",1,en
"From Queen to Lil Jon, How Sports Anthems Are Born",1,en
"& now a special announcement from this weekâ€™s guest on @hotones, @shakira. ğŸ”¥",2,en
"Obsessed with this photo series called ""From Window"" by Masahisa Fukase. He took photos of his wife from their apartment window almost everyday as she left ğŸ¥¹",1,en
Nicole Richie & Joel Maddenâ€™s Kids Are Their Parentsâ€™ Lookalikes at Red Carpet Debut,1,en
"Keityn, Feid & More Honored at 2024 ASCAP Latin Music Awards: Complete Winners List",1,en
Father of crash victims tells funeral his world is 'now so empty',0,en
.@Tyllaaaaaaa's â€˜Waterâ€™ Surges to No. 1 on Hot R&B Songs Chart,2,en
vocals !!!!!! #GagCityDC,1,en
German trial witness says he saw Madeleine McCann suspect in rape videos,1,en
Taylor Swift Is Getting Her Own SiriusXM Radio Channel: Hereâ€™s How to Tune In,1,en
Dozens dead in Istanbul nightclub fire,0,en
".@KenBurns Talks BeyoncÃ©â€™s â€˜Cowboy Carter,â€™ Compares New Album to Beatlesâ€™ â€˜White Albumâ€™: â€˜Sheâ€™s Got Guts!â€™",1,en
Ppl spending their hard earned money baby. You betta f$&!ng believe it!!!!!! ğŸ™ğŸ½ğŸ«¶ğŸ½ğŸ«µ,2,en
"Travis Kelce Opens Up About 2024 Kelce Jam Music Festival, His â€˜Last Hoo-rahâ€™ Post-Super Bowl",1,en
Ukraine war: Deepest Ukraine drone attack into Russian territory injures 12,0,en
Hot 100 First-Timers: Tito Double P & Joel De La P Arrive With Peso Pluma Collab â€˜La People IIâ€™,1,en
â€˜ALIENâ€™ will re-release in theaters on April 26,1,en
Taylor Swift and SZA were among the record-setters at the 2024 #iHeartAwards.,2,en
"â€œHarleys In Hawaiiâ€ by Katy Perry has reached 500 MILLION streams on Spotify.

Itâ€™s her 15th song to achieve this.",2,en
".@chelseacutler Opens Up About Her â€˜Yellowstoneâ€™ Themed Album â€˜Stellaria,â€™ Mental Health & More",1,en
remembering that after friday we wonâ€™t have new music for about a year,1,en
"NEW: #Bitcoin ETFs saw a record volume of $111 BILLION in March.

That's TRIPLE the inflows from February  ğŸ¤¯",2,en
Eminem Pranks Fans With April Foolsâ€™ Day Album Announcement,1,en
Meet the Major League Executives Bringing Music to Sports,1,en
".@fireboydml has major plans for 2024 ğŸ‘€ He teases his next album, going on tour & diving into acting with #BillboardNews.

Watch his full interview: http://blbrd.cm/5vh5zha",2,en
We have an incredible team of engineers building the App that will change.... Everything.,2,en
.@patrickmayberry Takes â€˜Leadâ€™ on Christian Airplay Chart for First Time: â€˜I Hope the Message Keeps Goingâ€™,1,en
full nudityyy and it better be from ga,1,en
".@ericchurch on New Whiskey JYPSI Release, Upcoming Nashville Residency: â€˜It Was Important to Us That We Could Be Creativeâ€™",2,en
Venice Launches New â€˜Career Assistantâ€™ Tool for Artists,1,en
this was soooâ€¦,1,en
"The 10-member space station crew worked on cargo, spacesuits, and human research on Tuesday as weekend crew departure preps continue.",1,en
"The Polaris Dawn Dragon is headed to vacuum chamber testing! SpaceX teams celebrate Dragon's departure with @rookisaacman, @KiddPoteet, @Gillis_SarahE, and @annawmenon ahead of launching to orbit this summer",2,en
The Cast Of Real Housewives of Potomac are in gag city tonight!#RHOP#GagCityDC,1,en
Kristen Wiigâ€™s Old â€˜SNLâ€™ Dressing Room Gets Completely Taken Over in New Promo,1,en
Soca Superstar @Kestheband Breaks Down Five Favorite Tracks From First Album in 10 Years: â€˜Itâ€™s Time to Position Ourselves in a Global Wayâ€™,1,en
Bassirou Diomaye Faye: Senegal election offers hope to frustrated young Africans,1,en
There was plenty of drama when Ziggy and Mackenzie Sol entered a sing-off on #AmericanIdol.,1,en
Louis Conter: Last survivor of attack on Pearl Harbor ship dies aged 102,0,en
Lizard Eliminated After â€˜Sink or Swimâ€™ Experience on â€˜The Masked Singerâ€™: â€˜Iâ€™m Not Used to Losingâ€™,1,en
At least 29 people now confirmed to have died in fire at Istanbul nightclub undergoing renovations,0,en
20 Best Travel Deals to Help You Get Away on a Budget,2,en
"QGTM!!!! History in the 
f$&@!ng making. Thank you a million times over. ğŸ†#GAGCITYDC shall go in the #GAGCITY HISTORY BOOKS.",2,en
Michelle Obama Praises BeyoncÃ©â€™s â€˜Cowboy Carterâ€™ While Encouraging Fans to Register to Vote: â€˜We All Have Powerâ€™,2,en
K-pop star Karina and actor Lee Jae-wook split shortly after going public,1,en
"Act Fast! The iPad Pro, iPad Air & iPad Mini Are On Sale at Amazon â€” Save Up to $100 Off",2,en
"I love this & other Katy Perry accounts. But I need to make this clear: There was no press event-was a private preview for some industry people, and I wasnâ€™t there. All VERY positive reactions to batch of songs they heard. Album not 100 percent finished but Katy is coming soon!!",2,en
"Ye has been sued by another former Donda Academy staffer, alleging a sexually abusive environment. #BillboardNews",0,en
"BREAKING: The #Bills are trading WR Stefon Diggs to the #Texans, per @AdamSchefter.",1,en
Adele Reschedules 2024 â€˜Weekendsâ€™ Las Vegas Residency Shows Postponed By Illness,1,en
just a few sec of this scene added in the teaser trailer could make me faint,0,en
Crawler-transporter 2 update as we prepare for future @NASAArtemis missions! â¤µï¸,1,en
James Kirby: Cousins pay tribute to 'selfless hero',1,en
Magic Johnson Posts Heartfelt Celebration of â€˜Living Iconâ€™ BeyoncÃ©â€™s â€˜Cowboy Carterâ€™,2,en
Jon Batiste Hopes His Work on BeyoncÃ©â€™s â€˜Cowboy Carterâ€™ Helps â€˜Dismantle the Genre Machineâ€™,2,en
"The First Amendment.

Congress shall make no law respecting an establishment of religion, or prohibiting the free exercise thereof; or abridging the freedom of speech, or of the press; or the right of the people peaceably to assemble, and to petition the Government for a redressâ€¦",1,en
"Bless ft @youngthug #WvW 

PRE-SAVE ğŸ”— http://lilwayne.lnk.to/WvW",1,en
where it all began â­ï¸,1,en
First poster for â€˜Joker 2â€™ starring Joaquin Phoenix and Lady Gaga.,1,en
Billie Piper Says Classmate Amy Winehouse Was Bullied in School,1,en
"Slipknot, Avenged Sevenfold, Disturbed to Headline 2024 Rocklahoma Festival",1,en
Cash Cobain Speaks Out on NYC Concert Canceled for â€˜Reasons Out of My Controlâ€™,1,en
Karol G in Latin America: All the Guests on her MaÃ±ana SerÃ¡ Bonito Tour,1,en
"Bizarrap & Natanael Cano Drop Explosive, Two-Song Collaboration â€˜BZRP Music Session #59â€™: Stream It Here",1,en
Shakira has surpasses Billie Eilish to become the #21 (+1) artist with the most monthly listeners on Spotify and #8 female artist. ğŸŒ,2,en
Two investors plead guilty in insider trading scheme linked to the Trump Media deal that brought the former president's social media business public,1,en
Strongest earthquake in 25 years rocks Taiwan with tsunami warnings issued for nearby countries,0,en
"Craig Gillespie is in talks to direct â€˜SUPERGIRLâ€™.

He has previously directed â€˜Cruellaâ€™ and â€˜I, Tonyaâ€™

(Source: Deadline)",1,en
"Do not trust men who are easily afraid.

Loyalty requires bravery.

Anyone whoâ€™s easily scared will easily turn.

Without balls - your sentiment as a man means absolutely zero.

As soon as a weak man has to suffer for the person they are â€œloyalâ€ to, loyalty disappears.",0,en
"KAI Media, Company Behind K-Pop Label hello82, Raises More Funding For Expansion",1,en
Finland shooting: Several injured in Vantaa school shooting - police,0,en
"Ken Griffin says U.S. is being 'irresponsible' with national debt, and politicians are spending 'at the expense of future generations,â€™ per FORTUNE.",0,en
JUST IN:  ğŸ‡¨ğŸ‡³ğŸ‡¹ğŸ‡¼ - 30 Chinese warplanes and 9 navy vessels have positioned around Taiwan according to Taiwan's defense ministry. ğŸ¤”,1,en
Donald trump getting booed in MI today brings joy to my heart.,2,en
"Fed Chairman Powell finally told the truth. Last week he finally admitted inflation is winning. The Fed can no longer promise I flation at 2% or that inflation is â€œtransitory.â€  Again he finally stopped lying.  Congratulations.

The problem is most people have no idea what theâ€¦",1,en
JUST IN: Hedge fund billionaire Steve Cohen told CNBC he owns a â€œvery littleâ€ amount of #Bitcoin ğŸ‘€,1,en
fellas is it antisĞµmitic to think that aid workers shouldnâ€™t be airstriked ?,0,en
"Current Joker: Folie Ã  Deux box office predictions. 

With a predicted worldwide box office of just under $800m, the film would currently be the 3rd highest grossing R-rated movie of all time behind Oppenheimer and the original Joker.",1,en
There is no future without kids,1,en
"There have been a few recent articles in the press about @Disney 'winning' its proxy contest with Nelson Peltz based on early election returns that have been leaked to the media.  We don't have an investment in Disney, but I thought it useful to point out the inappropriateness ofâ€¦",1,en
"Aileen Cannon should have been removed from the case a long time ago with her bullshit rulings blatantly causing delays that favor defendant trump.

It's a fucking joke.",0,en
In the movie 'The matrix' Neo's passport has an expiration date set to 9/11/2001,1,en
".@katyperry's ""Harleys In Hawaii"" has now surpassed 500 million streams on Spotify.",2,en
"X Premium costs just 23 cents a day, when bought annually via web. ğŸ‡ºğŸ‡¸Subscribe to X Premium to support this platform.",2,en
Is there anything more overrated than a solar eclipse? ğŸ˜‚,0,en
"Loral O'Hara, one of five @NASA_Astronauts currently on the station, is returning to Earth on April 6. She conducted one spacewalk and researched advanced space phenomena during her six-and-a-half month mission. More... https://go.nasa.gov/49oIpbz",1,en
"It's been 6 years since we became a public company. Itâ€™s pretty wild to think that by most metrics, Spotify is now 3x or more on where we were that day.  I am reminded of Bill Gatesâ€™ quote, â€œMost people overestimate what they can do in one year and underestimate what they can doâ€¦",1,en
"2/ ... 1 of 8 bands in the 2200- to 7300-Ã… spectral region, then on to a photomultipler tube. By study of these emission intensity data, information on surface texture & composition of planets could be obtained, along w  information...",1,en
"Joker 2 poster has been seen 14 million times in just 10 HOURS on one Twitter account, comparing it to other major releases first poster posts, these numbers are INCREDIBLE.",2,en
"ğŸš¨ ğŸš¨ ğŸš¨ ğŸš¨ ğŸš¨ ğŸš¨ ğŸš¨ ğŸš¨ ğŸš¨ ğŸš¨  370,000,000 #USDT (370,047,175 USD) transferred from Tether Treasury to #Bitfinexhttps://whale-alert.io/transaction/tron/7b0d296e296bc2d72a9b2727d8868e79edf24fe5d478aab71026dacdb1ecf3fbâ€¦",1,en
"FTC responds to ESRB's proposal for an AI-powered face-scanning 'age estimation' system

""No""",1,en
"Why hasn't Judge Cannon ruled on the DoJ reconsideration motion to block the release of witness lists? I'm guessing she knows if she releases them, Smith will go to the 11th circuit. So she's sitting on it.",1,en
This is evil,0,en
what's going on here,1,en
"Update on #SamplingMars: I recently collected my 24th sample from an area called ""Bunsen Peak"" (named for the @YellowstoneNPS landmark). The rock core is filled with silica and carbonate. http://go.nasa.gov/3vuGEMq",1,en
Knowledge is Power. #Bitcoin,2,en
truly motherâ€™s daughter,1,en
Did you know that legacy media have notifications ON for ğ•?,1,en
Hunter Schafer: Euphoria star says she no longer wants to play trans characters,0,en
Perfection.,2,en
wonder where she is now ğŸ˜­,1,en
#GagCityBaltimore,1,en
"""Katy Perry esquecida""

.@katyperry's ""Harleys In Hawaii"" has now surpassed 500 million streams on Spotify.

.@katyperry's ""Never Really Over"" is now certified Diamond in Brazil.

Gente? Que fracassada, 2 mÃºsicas solo do Ãºltimo Ã¡lbum sendo diamante e +500M de streams do Spotify",2,en
Katy Perry x American Idol! ğŸ¤âœ¨,2,en
joker 2 trailer is really coming to break the internet. weâ€™re talking hundreds of millions of views across all platforms. a global EVENT.,2,en
"#Shakira is set to appear on â€˜Hot Onesâ€™ tomorrow, April 4! â¤ï¸â€ğŸ”¥",2,en
"Started stan twitter, started the concept of ""eras"", started the whole ""mother and fanbase"" relationship like im so serious",1,en
"LaVar Ball blames the NBA training staffs and Puma's 'raggedy' shoes for his sons' injuries 

â€œThe reason they hurt is because they got away from me. And they start doing these rooty-toot workouts. Because if you keep running them hills, you're going to keep that power and thatâ€¦",0,en
"Former Observer & HuffPost journalist claims Katy Perryâ€™s career decline was planned by â€œsome people,â€ similar to how Christina Aguileraâ€™s career was sabotaged.

They then alleged writers â€œtrashedâ€ Katy to generate clicks, more money. Last year, former Pitchfork writers allegedâ€¦",0,en
lady gaga photographed by steven klein.,1,en
"BREAKING:

The SEC requested public comment on major Ethereum Spot ETFs",1,en
"#BTC 

Bitcoin is holding that Weekly Range Low (~65600) as support for now$BTC #Crypto #Bitcoin",1,en
What other payment options do you think should be added to the tip jar?,1,en
harry potter said WHAT?!? ğŸ˜­,0,en
iâ€™m glad gaga is keeping her OG voice nobody wants to hear that squeaky ass over-exaggerated voice,1,en
"Weâ€™re 5 days away from the eclipse!!! Check out my eclipse guide (linked in bio) for some tips on how to see it. 

Remember- the difference between 99% & 100% is one that will literally change your life. 

The eclipse I saw in 2017 ignited a passion to pursue astrophotography.",2,en
"Fans from selected countries can now watch Shakira's videos on Spotify! 

go and stream!",2,en
"Why are cities dominated by highways and cars?

It's partly because of one of the most influential people you've never heard of: Norman Bel Geddes.

In 1939 he created ""Futurama"", a huge exhibition that tried to predict the future â€” and ended up changing the world...",1,en
BREAKING: Coinbase is working with Lightspark to integrate the #Bitcoin Lightning Network for all its customers âš¡ï¸,2,en
"From these 4 accounts alone, nearly 31 million views in 24 hours.",1,en
"FINALLY RESTOCKED:
Lady Gaga - The Fame Monster picture disc.
Will be included in our Friday drop as well!",1,en
"BREAKING: The guy that rammed his car into the FBI Field Office in Atlanta the other day has social media accounts associated with Q Anon, anti-vaxx stuff, election denialism, Sidney Powell, and donald trump.

SUPER SHOCKED

Source: @MSNBC",0,en
"Spotify | Top Songs (04/02) [Streams]

Hips Don't Lie â€” 1,138,286
TQG â€” 1,038,174
PunterÃ­a â€” 961,461
(Entre ParÃ©ntesis) â€” 846,840
Cohete â€” 603,393
Bzrp Music Sessions, Vol. 53 â€” 570,837
Whenever, Wherever â€” 479,768
Chantaje â€” 422,502
La Tortura â€” 408,059
Dia de Enero â€” 403,425",1,en
What if I tell you that there's more adult content on Threadz & Instagram than on OnlyFans. ğŸ‘€,1,en
"Keityn, Feid, Carlos Vives and Yng Lvcas Talk Major Wins at 2024 Latin ASCAP Awards",1,en
Anya Taylor-Joy confirms she secretly got married to Malcolm McRae in 2022,1,en
Tonightâ€™s tank top says â€˜wâ­ï¸menâ€™ at #GUTSWorldTourBoston!,1,en
ğ• = UpğŸŸ¢Facebook = Down ğŸ”´Instagram = Down ğŸ”´WhatsApp = Down ğŸ”´,0,en
we all remember where we were,1,en
"JUST IN: ğŸ‡ºğŸ‡¸ BlackRock and Fidelity now own a combined 399,741 #BTC worth $26.2 billion for their spot #Bitcoin ETFs.",1,en
"ğŸ‡ºğŸ‡¸ | Shakira is the female artist with the MOST songs currently on the US iTunes Top 100 Latin Songs, totaling 8 songs.",2,en
"#Shakira's amazing 12th studio album 'Las Mujeres Ya No Lloran' scores the 3rd Highest New Entry on the United World Album chart, landing at #6! ğŸ’ªğŸ¥‰ğŸ”ğŸ†•ğŸ’¥6âƒ£ğŸŒğŸ“ˆğŸ‘‘â¤ï¸â€ğŸ”¥'Las Mujeres Ya No Lloran' featuring #CardiB, #RauwAlejandro, #ManuelTurizo, #GrupoFrontera, #Ozuna, #KarolG &â€¦",2,en
"NEWS: Tesla overtook Mercedes as the second-largest seller of imported vehicles in Korea last month.

It marked the first time for Tesla to beat Mercedes-Benz in Korea in terms of sales.",2,en
The Ultimate Guide to Festivals Celebrating Latin Music in 2024,1,en
LADY GAGA IS A FUCKING MOVIE STAR,0,en
Te harÃ© salir volando como un cohete! ğŸš€ğŸ’¥ Iâ€™ll make you fly like a rocket! #LMYNL â†’ http://lnkfi.re/LMYNL,2,en
"Youâ€™re invited! See you in Rogueport on May 23 in #PaperMarioTheThousandYearDoor, coming to #NintendoSwitch!",2,en
Alien mothers,0,en
