Content,Label
binance towel come everywhere include breakfast cooking,1
drop sol address make sure follow dont ask backhand index point medium light skin tone,1
take one good altcoin change world sparkle,2
disrespectful one top 3 favorite,2
congressional republican call affordable connectivity program wasteful call necessary time congress extend 23 million household across america rely program stay connect,1
donald trump wont american president must refuse denounce political violence ill say trump wont political violence never ever acceptable america,0
massive bitcoin breakout come ready,2
ok vote ill 25 ticket giveaway station head 10 min feel like ill come space give another 5 10 generous queen princess medium skin tone,2
whole heart,2
im tire people use punching bag leave tf alone day,0
april 03 2024 09 21 utc current price bitcoin btc usd 66484.80 btc eur 61757.73,1
pitbull big 3,0
35 month insulin senior 35 inhaler asthma 2000 year cap prescription drug senior start next year senator sander ' help show health care right privilege america,2
cryptoo,1
world stage joker folie deux trailer come april 9 joker,1
video show abduct us girl fatally shoot police,0
best bravest baddest barbz win,2
bitcoin go 100000 eth go 10000 altcoins pump 10x halve 15 day bullish enough,1
conan lyric feel like,1
tether print high bitcoin go,2
artist big hit maker,1
bitcoin navigate high sea finance steer ship economic evolution sailboat money bag water wave,1
album moment cyclone hear feeling optimistic week,2
path totality total solar eclipse april 8 'll bring totality broadcast several location along trajectory include center eclipse path watch,1
's tough gig binance intern good morning,0
big red flag adult lack child youre 46 yet bore weed alcohol youre immature soulless trust vote warped world view zero vested interest future poor people alive,0
1 whole bitcoin hodlers become rare,1
dogecoin tip option eye,1
introduce new simple earn flexible product promotion subscribe either sui usdt simple earn flexible product grab share 20000 sui also earn bonus apr get start today right arrow curve,2
69416.50bitcoin btc btc usd,1
law write sign enact tax credit save average 800 per person per year reduce health care premium million family credit expire next year congress make 800 expand affordable health care tax credit permanent,2
already make statement donald,1
tag light mode user backhand index point,1
coinbase blackrock pump crypto high,2
pitbull chingy baby bash,1
station head seem work guy shocker,0
say im 25 im 25 fuk,0
psalm camera saint,1
next bitcoin halving 2 week historically gain always realize halving prepared,2
moment taiwan maternity staff rush keep baby safe earthquake,1
13900 egg 200000 reward 1 bitcoin get start binance egg drop backhand index point,1
congratulation select move forward develop artemis lunar terrain vehicle moon rover allow future astronaut travel far lunar surface,2
outrage heartbroken death seven humanitarian worker world central kitchen include one american gaza yesterday incident like yesterday simply happen full statement,0
bitcoin symbol digital revolution financial freedom light bulb globe meridian money wing,2
miss shanel must do,1
whale watch bucket list 'll glad know n't travel well crypto whale watch anyway,1
want honest criticism ai portfolio 25 btc15 tao15 rndr10 grt10 akt5 ait5 paal5,1
still argentina star star star gutsworldtour,1
kamala continue call congress restore protection roe every state majority american support woman 's right choose include florida voter opportunity support reproductive freedom ballot initiative fall,1
category album deserve way success,2
white house want moon time zone,1
introduce binanceclubhouse global hub binance user connect work talk thing crypto stay tune info come handshake,2
yesterday extreme florida supreme court decision put desperately need medical care even reach million woman florida across south outrageousand make possible trump end roe v wade,0
51987.06bitcoin btc btc gbp,1
ready rock april 8 eclipse submit favorite solar theme song add sun moon eye playlist,1
baby step sir weary face grin face sweat,2
.s search antidote debut 3 top album sale chart,1
3 sleep till wrestlemania 40 talk show tonight finalboss tribalchief,1
one crypto show monster god candle summer,1
deadly air strike show system protect aid worker crisis agency say,0
binance list wormhole w seed tag apply right arrow,1
happy 90th birthday please give regard mr h janeat90 goodallday,2
gaza aid convoy strike know,1
thank ny night remember,2
watch tomorrow x together bring deja vu kelly clarkson show,1
one tell,1
prior administration extreme republican congress succeed gutting aca 45 million people nationwide would lose health insurance,0
helloo ever see,1
album make noise friday,1
barbz since yall like yappyity yapping take screenshots yall ass report station head im gagcity giveaway right 10 min wan na win ticket ticket admission ticket let go give away 50 ticket 25 winner get plus 1,1
cake think conan would proud smile face heart,2
remember remember withdraw tournament 6 year old beat first two adult lose 3 row ask able beat chess im grow reply son youre grow youll beat anyone anything,1
bitcoin halving 17 day away eye,1
eye sky april 8 total solar eclipse know help us experience big event listen scientist episode curious universe podcast,2
r.i.p gale sparrow,1
bitcoin hit 100000 next 3 month delete x account,1
trading live ena binance right arrow,1
vechains importance isnt talk enough vet,1
inhaler cost less 5 make drug company charge americans 600 increase profit administration crack big pharma three four large inhaler manufacturer cap pocket cost 35,1
category controversial music video,1
poll open state across country head confirm poll place,1
final deadline 7 spot ethereum etf 50 day,1
guy give rundown everything say unreleased track,1
google look ai paywall option report,1
solar eclipse 2024 watch stream live anywhere,1
gagcity everything nicki monica 50 cent need do two heart gagcitydc,2
live future astronaut drive across surface moon 're announce company advance capability lunar terrain vehicle rover exploration artemis v mission beyond,1
time supply crypto knowledge literally maximum total circulate supply explain backhand index point,1
anyone receive checkmark today earn money stuff 're already post extra effort require apply monetize setting monetization,2
explore new taker fee promotion binance trade usdc spot margin trading pair enjoy discount taker fee 10 april 2024 learn right arrow curve,2
tune deliver remark lower health care cost american,1
oh extremely gaggy babe,2
like,1
truck crash spill live salmon wrong oregon river,0
celebrate upcoming bitcoin halve binance future ultimate challenge join daily price prediction weekly task challenge chance win btc reward tesla model join right arrow,2
police car light break police car light grayscale transfer 1983 btc worth 131.4 million coinbase,1
bitcoin always pumps halve 1st halving 8000 2nd halve 3000 3rd halve 800 15 day 4th halving mentally prepare,1
today candid conversation president xi jinping people republic china range issue include area cooperation area difference emphasize importance maintain peace stability across taiwan strait south,1
reason felt comfortable call mexican im dominican ask feel comfortable call mexican ice jharell jerome zoe saldana dominican dont know thats people use,1
gagcitybaltimore take dmv miss youuyall dont know man weary face fly saucer cityscape thank idk say best night ive ever earth gagcity may god bless every one ill never forget heavyonit,2
binance respectfully request tigran gambaryan decision make power company hold responsible current discussion ongoing binance nigerian government officials.bringtigranhomeread backhand index point,1
204 day 3264 orbit dozen experiment space head home undocking return coverage nasa platform begin 8pm et friday april 5 0000 utc april 6,1
n't buy bitcoin first name buy bitcoin last name,1
billie eilish pearl jam nicki minaj among 200 artist call responsible ai music practice,1
school shoot brings tough question finland,0
instead senior diabetes pay much 400 month insulin badly need pay 35 month period want extend saving everyone need lifesaving insulin whether youre senior,0
trade responsibly employ risk management strategy important step reduce portfolio 's risk 've list 5 strategy find right backhand index point,2
binance expand portfolio margin non vip user optimise portfolio enhanced capital efficiency risk management trading strategy make accessible learn backhand index point,2
collision break spot bitcoin etf positive inflow 40300000 yesterday,2
binance charity partner child hero foundation collaboration launch da vinci 12 day therapeutic camp support child lose parent war read right arrow curve,1
florida ban law like state across america put health life million woman risk take away woman freedom make health care decision threaten physician provide care train provide,0
n't panic salute face,1
've officially hit 1m post binance square thank share content feed spread crypto knowledge worldwide handshake keep building right arrow,2
thats say say nobody call ghetto move goal post know im im right take no recognize change change way talk way act way respond,1
honestly great product feel energized strong ever since ive take,2
lizzo clarifies quit music industry 'negative energy ',1
olivia rodrigo kiss chappell roan gut world tour boston stop,1
yesterday floridas supreme court uphold state abortion ban likely trigger governor 's extreme law eliminate access many even know 're pregnant outrageous remain committed protect reproductive freedom florida across u.s,0
ukraine give award foreign vigilante hack russia,0
get 45 min give away personal tkts soldoutminaj show guy im station head nanabooboo barbz dont start miss face hand mouth,1
fly new class officially graduate basic training last monthand 's graduation without superlative want join next astronaut class application still open get april 16,2
coinbase ceo say bitcoin lightning network integration launch soon high voltage eye,2
dont pinch please,0
rashee rice super bowl champion admit role texas hit run,1
week america lose hero lou conter pass away age 102 america say farewell last known survivor u.s. arizona station battleship row pearl harbor december 7 1941 today heart know,1
think might confusion say ask feel comfortable call mexican mexican parent mom trini come whole black woman father dominicanim dominican like also use dominican,1
want give fan album tour touch every way remind fell love 1st place give tour never know need prove much value much value art pink heart,2
beyonc jennifer hudson host mini dreamgirls reunion 2024 iheartradio music award,1
amateur scientist measure snowfall 50 year,0
happy tip tuesday shibes tip dogecoin dog dog face money wing,2
doge og tipping currency internet,1
april big month sky gaze star strike big planet jupiter visible month mar saturn rise together april 10 11 big eclipse april 8 catch last total solar eclipse u.s 20 year big moon catch full moon april 23,2
irish basketball team order replay last 0.3 second quarter final tie,1
beyonc finally win album year grammy cowboy carter,1
bad migraine ever like 3 week skull wont thing go away try everything secret,0
tennessee pass 'chemtrail ' bill ban airborne chemical,1
here advice raymonte take time right get brand deal 5 million campaign get social medium famous 2014my first brand deal fashion nova 2016 200 post could reach height matter ghetto,2
something cook eye,1
mysterious streak light see across southern california sky,1
performer presenter 2024 cmt music award,1
botswana offer send 20000 elephant germany,1
two letter dc gagcitydc,1
french couple keep 159 cat ban keep pet,0
police car light break police car light 1000000000 usdt get mint tether treasury yesterday also 1 billion usdt mint whale prepare huge bitcoin pump,1
rebel wilson book release put back uk australia,1
world central kitchen founder jos andrs say israel targeted staff gaza 'car car ',0
seven aid worker kill gaza,0
listen lot friend make ton ton money crypto cling little bag silver realize crypto successful last several year think would obviously admit people shouldnt take investment,2
super valid worth podcast someday,2
taylor swift officially billionaire,2
truth social post financial bailout trump,1
three british aid worker kill israeli strike gaza name,0
tesla 'disaster ' few delivery since 2022,0
best doge meme win 69.420 trophy like repost post participate dog upload meme comment speech balloon,2
trump sue truth social co founder alleged mismanagement,0
ukraine lower combat call age boost number,1
2024 mlb season watch baseball game online free without cable,1
congratulation buid 7952 first winner tesla car lucky draw second installment futureschallenge party popper n't worry 3 week leave get hand tesla participate right arrow,2
tuesday already watch play password tonight 109c weakestlink,1
go gagcitydc alone end w sweet girl next also alone fun bday loudly cry face loudly cry face loudly cry face loudly cry face pink heart pink heart pink heart magical fun night overall im overwhelmed grateful,2
r.i.p michael mcmartin,1
time look month 's market insights research team analyze state crypto market provide insight bitcoin etf inflows ethereum 's dencun upgrade solana 's dex volume check arrow,1
x bring tip jar web app iosandroid feature year 's finally find way web version see full list supported service,2
cool cool,2
israeli government say block al jazeera broadcast,0
new senegal president bassirou diomaye faye two wife african culture divorce taboo man n't allow divorce woman unless commit infidelity unforgivable man want divorce woman 's longer young,0
deluxe track gut spill week billboard hot 100 14 obsess 58 american 75 stranger 90 scared guitar 99 girl ive always,1
janet jackson return japan triumphant together tour chronicle legendary career,1
small orange diamond bitcoin close 60000 33 day row consolidation rocket,1
ohh gots smile face heart eye smile face heart eye smile face heart eye two heart,2
wear solar glass space smile face sunglass million people earth watch total solar eclipse april 8 astronaut aboard space station watch 250 mile theyll three opportunity view ground shadow orbit earth,2
x soon let save trend explore tab,1
cool,2
country garden china property giant suspend share hong kong,1
united state us government send 30170 bitcoin worth 2 billion coinbase use silk road hack fund arkham data show eye,1
struggle level vip now chance trade like vip9 usdc margined contract enjoy zero maker fee 0.017 taker fee user read right arrow,2
.password nbc peacock,1
bet future bitcoin,1
refuse speak meaning behind boys girl loudly cry face loudly cry face,0
global citizen festival return central park 2024,1
coneheads time u find find heaven song u,1
houston texan make move dallas cowboy really,1
person texas diagnose rare bird flu contact cattle,0
im freak need,0
shut hospital please,0
michael rubin posh party unite sport music world,1
know dumb as richy jackson choreo see,0
whered go go alley rise idk conan text gc,1
police car light attention katycats friend industry always cruel katy perry need bring everyone 's attention reply tweet withjusticeforkatyperry goal 100 reply,0
endeavor go private deal majority shareholder silver lake,1
chile woman steal gun guard open fire,0
nicki concert literally everything face hold back tear,2
ive hear people ask point potential downfall leave us hear canadian europeans issue go need fight keep country order nowhere run,0
notch second hot rock alternative songs 1 sweet,1
cigar night qa tonight 8pm universal tate time,1
stefano cherchi jockey dy two week fall canberra race,0
hunter schafer open date rosala 2019 shes family matter,1
everybody tonight pink mother cry face pink heart heart hand medium skin tone gagcitydc,0
elon la benjamin franklin tesla midjourney prompt benjamin franklin drive tesla grin squint face sparkle,2
's revolution way glass making,1
firebloodchallenge taste like orange juice tangerine,2
make america festival cancel second consecutive year,0
world central kitchen founder jos andrs criticises israel aid worker ' death,0
hot 100 first timer allison russell debut hozier team wildflower barley,1
list go,1
ye ty dolla ign 's vulture listen party wo n't go ahead,0
coinbase officially integrate bitcoin lightning network clap hand coinbase 100 million user rocket,2
big breaking police car light ethereum etf approval police car light sec ask public comment grayscale bitwise fidelity spot ethereum etf,1
glorilla recall beautiful feeling visit white house still havent accept reality,1
follow first playoff appearance decade marlin try demote gm kim ng turn leave organization marlin behind early today lose angel 'll 0 7 start season,0
ukraine war deep ukraine drone attack russian territory injures 12,0
damn nigga buy god,0
lizzo clarifies mean quit statement im go keep,1
andrew tate 's cold moment fight,2
john summit dom dolla kaskade headline desert night coachella party,1
dollar banknote dollar banknote dollar banknote dollar banknote dollar banknote dollar banknote dollar banknote dollar banknote dollar banknote dollar banknote 1000000000 usdt 1000027499 usd mint tether treasury,1
marvin winans able top gospel airplay chart,1
see sht like back back every show put perspective nicki minaj real life go back forth fl try prove point useless nothing negative even phase y'all let live delusion,0
beyonc thanks jack white inspire cowboy carter,2
slow high speed train soccer ball soccer ball soccer ball,2
lady gagas harley quinn speak listen first taste singer character joker folie deux,1
uk surfer laura crane class big wave spot nazare,1
congrats,2
julia garner play female silver surfer fantasticfour,1
big breaking police car light coinbase go big bitcoin coinbase partner lightspark integrate bitcoin lightning network,2
hate pending transaction please take money,0
10010 amazing show smile face heart smile face heart smile face heart smile face heart smile face heart smile face heart smile face heart gagcitybaltimore,2
top 8 profitable crypto narrative 2024 1 memecoin 1313 2 rwa 286 3 ai 222 4 defi 99 5 depin 81 6 layer 1 70 7 game 64 8 layer 2 39,1
famous id make fanpage post rares literally one ever see take everyone would like person always rare pic cry face bc duh,0
cant say nothing every body get offend every little thing,0
wish gaga would stop bring hair makeup friend movie project could seehow put nicely,1
fake nationalist zionist agent word fake nationalist 3 former british military member kill israel israel first,0
every dip universe 's way ask courage double dream,1
raymonte wrong,1
currently 18h 53m 16s light travel time earth 2024 095 000000 1l,1
offense bardi cu dominican parent black one loudly cry face black heart,1
anticipated performance 2024,1
race v ethnicity v nationality beat community as,0
's cute kid say want grow 're gon na write email computer buddy,2
katyperry 's harleys hawaii surpass 500 million stream spotify 15th song reach milestone flex biceps motorcycle sun collision keycap 5 keycap 0 keycap 0 circle multiply keycap 1 keycap 5 musical note fire crown pink heart,2
fun fact lady gagas lead role film rat r,2
pouria zeraati three accuse tv presenter attack leave uk,0
starship mar within decade cant wait help build booster thatll send way face steam nose fire rocket,2
katy perry lead single april may music video ready xx,2
's stormy day spaceport 's weather like right arrow curve,1
crazy happen 33 like jesus,1
fact never chart hot 100 insane,0
look cute smile face heart eye face hold back tear pink heart,2
doja cat say doesnt care music leak theres nothing,0
buy tesla dogecoin,1
name three british aid worker kill israeli strike gaza john chapman james henderson james kirby bbc establishes,0
timeline dm talk dm youre back timeline cant gaslight wont let confuse people bring thing irrelevant initial discussion say people never call ghetto respond,0
barbies bad girls aint play tag two heart star strike gagcitybaltimore,0
big breaking police car light bitcoin reach 150k end year per morgan creek capital management ceo mark yusko,1
fox sport resident deadhead bring jam band big game,1
win salute face,2
cry face hold back tear purple heart love,2
katchatheevu tiny sri lankan island spark political row india,1
gaga house gucci get drag accent joker 's get drag one,0
gaga daily wouldve love today plead face broken heart,2
time katycats move justiceforkatyperry,1
4 year youre still brokie,0
reiterate firm call immediate ceasefire gaza strip express deep sorrow volunteer kill distribute humanitarian aid gaza pray family,0
katy perry teenage dream album cover actually painting,1
coneheads join cone live qa star black heart,1
new shakira collaboration way xx,1
apple explore creation home robot next big thing,2
say house gucci best poster,2
need katys documentary happen 2017 2018,1
new look moana 2 set 3 year first movie theater november 27,1
taylor swift compete travis kelce 2024 webby award full nomination announce,1
two margarita deep hear song playing call go way like wow really sing as look two band member break tear go way loudly cry face loudly cry face watch live performance cant even look,2
.s la mujeres ya lloran hit number one top latin album latin pop album gem stone,2
sister ship 1 22h 32m 47s light travel time earth 2024 094 120000 1l,1
justice katy perry broken heart cry cat,1
conans gon na personally gate arena ask people relationship say yeah hell like good get,1
usa today attend 's gagcitydc give review show first u.s run eight year minaj craft grandiose productionshe still queen rap reason,2
nine milestone beyonc could reach 2025 grammys,2
israel pm say force unintentionally hit innocent people gaza strike aid worker kill seven follow late update,0
sold car planet earth 2023 tesla,2
thanks free medium particular chapter genocide palestine happen front everybody 's eye pier rogan trump big name condemn happen day one tell pier would happen know,0
barbie touch downn zany face pink heart im ready babes,2
beyoncs cowboy carter gallop 1 u.k,2
im gagcitybaltimore,2
remember hero family pay tribute james kirby one three briton kill israeli strike gaza aid convoy,1
everything app get close every single day build new way everyone find community connect one another,2
feid announces joint album yandel here know,1
pussy mek mi run,1
. 's never really certified diamond brazil brazil,2
conan sell found heaven necklace separately n't collect cd 'm vinyl girlie,1
first look mufasa lion king theater december 20,1
funimation officially close,1
sound exactly like countess scream,1
one didnt notice conan start sing song find heaven accident live sheer panic eye loudly cry face,0
mean,1
u.s sec call comment spot eth etf,1
dont give damn pretty australia never see,0
united state las mujeres ya lloran us billboard 1 top latin albums 1 top latin pop album 2 top album sale 2 top current album sale 4 top vinyl album 13 billboard 200 30 top streaming album,1
new look moana 2 november 27th,1
sleeper hit year song watch hit come go stay smash chart loudly cry face,2
atta baby flag hole 40 500 winner money bag money bag radio button repost video radio button reply say something nice somebody radio button put easy way pay post wellpmslive,2
high heel tippies nail polish medium light skin tone heart ribbon pinkfridaynails,2
united state us government transfer 30174 bitcoin worth 2.1 billion seize silk road coinbase,1
playstation 5 deal limited edition spider man 2 console bundle 110 amazon,2
conan still friend group ex oh god,1
dont know shell top cover,0
atta baby flag hole 40 500 winner money bag money bag radio button repost video radio button reply say something nice somebody radio button put easy way pay post wellpmslive,2
dont give damn pretty australia never see,0
united state las mujeres ya lloran us billboard 1 top latin albums 1 top latin pop album 2 top album sale 2 top current album sale 4 top vinyl album 13 billboard 200 30 top streaming album,1
new look moana 2 november 27th,1
sleeper hit year song watch hit come go stay smash chart loudly cry face,2
mean,1
u.s sec call comment spot eth etf,1
funimation officially close,1
sound exactly like countess scream,1
one didnt notice conan start sing song find heaven accident live sheer panic eye loudly cry face,0
first look mufasa lion king theater december 20,1
conan sell found heaven necklace separately n't collect cd 'm vinyl girlie,1
. 's never really certified diamond brazil brazil,2
everything app get close every single day build new way everyone find community connect one another,2
feid announces joint album yandel here know,1
im gagcitybaltimore,2
remember hero family pay tribute james kirby one three briton kill israeli strike gaza aid convoy,1
barbie touch downn zany face pink heart im ready babes,2
beyoncs cowboy carter gallop 1 u.k,2
sold car planet earth 2023 tesla,2
thanks free medium particular chapter genocide palestine happen front everybody 's eye pier rogan trump big name condemn happen day one tell pier would happen know,0
usa today attend 's gagcitydc give review show first u.s run eight year minaj craft grandiose productionshe still queen rap reason,2
nine milestone beyonc could reach 2025 grammys,2
israel pm say force unintentionally hit innocent people gaza strike aid worker kill seven follow late update,0
justice katy perry broken heart cry cat,1
conans gon na personally gate arena ask people relationship say yeah hell like good get,1
taylor swift compete travis kelce 2024 webby award full nomination announce,1
two margarita deep hear song playing call go way like wow really sing as look two band member break tear go way loudly cry face loudly cry face watch live performance cant even look,2
.s la mujeres ya lloran hit number one top latin album latin pop album gem stone,2
sister ship 1 22h 32m 47s light travel time earth 2024 094 120000 1l,1
new look moana 2 set 3 year first movie theater november 27,1
apple explore creation home robot next big thing,2
say house gucci best poster,2
need katys documentary happen 2017 2018,1
katy perry teenage dream album cover actually painting,1
coneheads join cone live qa star black heart,1
new shakira collaboration way xx,1
4 year youre still brokie,0
reiterate firm call immediate ceasefire gaza strip express deep sorrow volunteer kill distribute humanitarian aid gaza pray family,0
time katycats move justiceforkatyperry,1
katchatheevu tiny sri lankan island spark political row india,1
gaga house gucci get drag accent joker 's get drag one,0
gaga daily wouldve love today plead face broken heart,2
cry face hold back tear purple heart love,2
big breaking police car light bitcoin reach 150k end year per morgan creek capital management ceo mark yusko,1
fox sport resident deadhead bring jam band big game,1
win salute face,2
katchatheevu tiny sri lankan island spark political row india,1
gaga house gucci get drag accent joker 's get drag one,0
gaga daily wouldve love today plead face broken heart,2
time katycats move justiceforkatyperry,1
4 year youre still brokie,0
reiterate firm call immediate ceasefire gaza strip express deep sorrow volunteer kill distribute humanitarian aid gaza pray family,0
katy perry teenage dream album cover actually painting,1
coneheads join cone live qa star black heart,1
new shakira collaboration way xx,1
apple explore creation home robot next big thing,2
say house gucci best poster,2
need katys documentary happen 2017 2018,1
new look moana 2 set 3 year first movie theater november 27,1
taylor swift compete travis kelce 2024 webby award full nomination announce,1
two margarita deep hear song playing call go way like wow really sing as look two band member break tear go way loudly cry face loudly cry face watch live performance cant even look,2
.s la mujeres ya lloran hit number one top latin album latin pop album gem stone,2
sister ship 1 22h 32m 47s light travel time earth 2024 094 120000 1l,1
justice katy perry broken heart cry cat,1
conans gon na personally gate arena ask people relationship say yeah hell like good get,1
usa today attend 's gagcitydc give review show first u.s run eight year minaj craft grandiose productionshe still queen rap reason,2
nine milestone beyonc could reach 2025 grammys,2
israel pm say force unintentionally hit innocent people gaza strike aid worker kill seven follow late update,0
sold car planet earth 2023 tesla,2
thanks free medium particular chapter genocide palestine happen front everybody 's eye pier rogan trump big name condemn happen day one tell pier would happen know,0
barbie touch downn zany face pink heart im ready babes,2
beyoncs cowboy carter gallop 1 u.k,2
im gagcitybaltimore,2
remember hero family pay tribute james kirby one three briton kill israeli strike gaza aid convoy,1
everything app get close every single day build new way everyone find community connect one another,2
feid announces joint album yandel here know,1
pussy mek mi run,1
. 's never really certified diamond brazil brazil,2
conan sell found heaven necklace separately n't collect cd 'm vinyl girlie,1
first look mufasa lion king theater december 20,1
funimation officially close,1
sound exactly like countess scream,1
one didnt notice conan start sing song find heaven accident live sheer panic eye loudly cry face,0
u.s sec call comment spot eth etf,1
dont give damn pretty australia never see,0
united state las mujeres ya lloran us billboard 1 top latin albums 1 top latin pop album 2 top album sale 2 top current album sale 4 top vinyl album 13 billboard 200 30 top streaming album,1
new look moana 2 november 27th,1
sleeper hit year song watch hit come go stay smash chart loudly cry face,2
atta baby flag hole 40 500 winner money bag money bag radio button repost video radio button reply say something nice somebody radio button put easy way pay post wellpmslive,2
high heel tippies nail polish medium light skin tone heart ribbon pinkfridaynails,2
united state us government transfer 30174 bitcoin worth 2.1 billion seize silk road coinbase,1
playstation 5 deal limited edition spider man 2 console bundle 110 amazon,2
conan still friend group ex oh god,1
dont know shell top cover,0
nah love barbz fr,2
chance rapper wife kirsten corley announce divorce 5 year marriage,1
one child dead two seriously wound finland school shooting pupil 12 open fire police say,0
community note active india,1
best concert ever cry dance unicorn unicorn unicorn gagcitybaltimore,2
ct eventim buy vivendis ticket event business,1
pf2 tour fit definitely permanently sign contract resident gag city amazing show,2
whats favorite shakira 1 billboard latin pop airplay hit vote,1
microsoft technology giant split team office globally,1
break bloomberg die headstone medium site continuously experience decline traffic,0
famous man world avoid speaking famous people theyre gay weird,0
analysis putin interview street smart ive never profess anything else street smart take high echelon finance fame without sell soul leave pit mortal battle matrix,1
wan na laugh remember man cucked buy gift used non virgin woman he date valentine day,0
coinbase partner lightspark integrate bitcoin lightning network,1
every shakira album rank critic pick,1
would never recommend client sort business pique,0
anyone uk lucien laviscounts ex write column british tabloid lucien shakira,1
look eat loudly cry face loudly cry face loudly cry face,0
boy girl song take long write,1
burgerdiseases anything like affluenza im gon na scream,0
result find heaven quiz,1
never 2763 bitcoin,1
instagram whatsapp katy perry still stand raise hand light skin tone,2
're go n't need road oncoming automobile select intuitive machine lunar outpost venturi astrolab advance capability lunar terrain vehicle artemis astronaut use travel around lunar surface read backhand index point,1
interest think face whats go engineering,1
jimmy butler update,1
fuck,0
katy perry 2 serve big musical comeback since mariah carey emancipation mimi late album mostly finish wow music industry insiders 's mostly return form song mature katy perry signature quirk,2
beyoncs cowboy carter songwriting credit here write song,1
witness one best song katys career want see look witness mess u genius,2
try say ghetto get call ghetto doesnt hinder career essence write article ask viral birthday trip sponsor brand yall say im ghetto marketable im give,0
today year old find ethiopia 8 year behind everyone else 's currently 2016 loudly cry face loudly cry face loudly cry face,0
case think government try force home sale asylum seeker myth already happen britain,0
ca n't win game completely alone one every great man always great men side,1
clothes french toddler emile soleil find near remains french alp,1
gagcitydc movie thank ribbon weary face,2
jail cell unknown period time face large battle perfect time traitor team betray team remain solid flawless perfect judge character surround impeccable men team like mine lose,2
lady gagas liked instagram post far year,2
katy perry x american idol,1
20 million view poster one twitter account 24 hour actually insane think,1
afrobeats star davido sue kenyan april fool joke,1
minnie take awf loudly cry face loudly cry face loudly cry face loudly cry face y'all see minussy like,0
wow 5 million follower remain grateful every one support journey believe every life transition thank fold hand,2
theyre trouble,0
joker trailer didnt release yet even close october already defend gaga harley role weve get big storm come,1
ive see twice tonight bmore last night dc say unequivocally must see front row forever remember past two night shes undeniable queen rap fanbase unmatched im hook,2
conan fan remember conan male loudly cry face loudly cry face loudly cry face loudly cry face loudly cry face,1
fact conan still friend group ex girl leavee wouldnt take anymore especially awkward could,0
think conan start sing one song cause start sing make wide eye stop lmfao,1
former president paypal help large us bitcoin exchange integrate lightning network high voltage bullish rocket,2
fact tony keep card gaga im emo loudly cry face,0
interscope pioneer modern label approach sport,1
last signed copy find heaven available star,1
love one actually look mentally ill,2
shakira new tour announcement month,1
star bear house gucci joker ii lady gaga conquer hollywood insane loudly cry face,0
katy perry deserve respect,2
golden globe sign five year deal cbs key date 2025 show,1
medium demand tesla product fade reality tesla model best selling car earth 2023,2
roof blow away tree uproot us storm,0
gagcitybaltimore gagcity ribbon beat heart,2
wrong netanyahu try prevent israeli see reality ground gaza thats autocrat democratic leader,0
there extended episode vanderpump rule online heres watch stream show without cable,1
spacex achieve ambitious goal 12 falcon 9 mission single month pursuit ambitious objective conduct 150 mission 2024 spacex reach significant milestone complete 12 falcon 9 mission single month spacex,2
microsoft split team office globally,1
hard kill,0
gagcitybaltimore gagcity smile face heart pink heart love nickiminaj,2
elon musk screening brief history future new york,1
think bourgeoisie suppose mashup word bourgeoisie diseases kinda like affluenza mix affluence influenza,0
hello 1.4b people welcome,2
juda receive 492957 stream tuesday glow star black heart,2
inside evolution record label radio staff layoff hit promotion department hard,1
notable add us rhythmic radio week enough miami 3 get sexyy 3 punteria ft 3 spaghettii ft lindamartell 1 tyrant ft 1 ya ya 1,1
yall really expect sound like movie serious joker loudly cry face loudly cry face,0
wait final flight,1
morning gas station guy front try get 4 worth gas card keep get decline could see embarrassed third time watch happen decide jump offer pay gas except,0
say conments boys girl bruh wtf,0
richard say go retire soon season 1,1
joker folie deux feature joaquin phoenix lady gaga give r rating due occasional instance strong violence frequent use explicit language depiction sexuality brief scene full nudity,1
actually nuts lmao,0
mental fragility promote every opportunity people wonder depression increase taboo tell people think strong strong act strong tell cave instantly emotion time dangerous,0
conan billy partyno photo.conan meet lose twin duano photoconan meet lordeno photo,1
look like lg7 process go reverse record january mastering february write march gaga 's happen,1
tip hat katyperrys look iheartawards2024 wink face,2
dont believe presidential poll partly ive personally never poll entire life even ever poll support president think face,0
katy perry next episode american idol,1
coinbase integrate btc lightning network,1
must makeup 9 new beauty product buy spring 2024,2
republican speaker johnson make fresh push ukraine aid,1
oh bitch eat time 10 tonight baltimore,0
william wallace scream freedom afraid word scot happen,0
doge everywhere globe show europe africa dizzy,2
usher reveal super bowl strategy halftime veteran give note,1
kirsten dunst ' n't even think ask equal pay ',0
god demonstrate soul choose god show youre heartless monster gods intention entire world disgust action,0
nicki arrive stage gagcitydc,1
. 's songwriting production analyze 13 secret chart success,1
shakira set appear hot one thursday,1
joker folie deux rat r strong violence language throughout sexuality brief full nudity theater october 4 2024,0
. 's never really certified diamond brazil,2
're look designerfrontend engineer join london team 're great ui design implement design react please apply pixel peep together,2
entre parntesis shakira grupo frontera reach 10 million view youtube deserve waayy cowboy hat face watch,2
lady gaga desperate oscar meanwhile lady gaga,1
forget first episode glee get first line,2
previous version fsd hard time deal kind stuff fsd 12 nail,1
amanda hear news,1
united state feed chair jerome powell say n't expect interest rate cut confidence inflation,1
shakira drag north american uncultured ass loudly cry face,0
china property giant country garden suspend share hong kong,1
katy perry x american idol,1
united state blackrock fidelity combined 402697 btc worth 26.7 billion spot bitcoin etfs eye,1
every change voting system seem design make hard know cheating happen,0
im love friendship sza katy perry,2
way guy use mexican insult fuck weird,0
silver 8 week video genius inventor ethereum call crazy im sticking store wealth back far time mental illness wasnt praise virtue,1
youre right lot wrong crypto,1
upcoming cheech chong mw3 warzone operator bundle weapon tracer turn enemy joint,1
dua lipa tease snippet new album radical optimism beauty chaos,1
florida 's top court usher six week abortion ban voter say,1
go station head give tkts,1
yg 4hunnid label partner bmg,1
battle future civilization free speech lose even america tyranny lie ahead,0
playlist design give power fire blood badmann riddims power guarantee use power playlist hold exact riddims listen ascent 4x world champion hold music power,2
man charge murder irish woman new york,0
baltimore big one barbie dangerous lemon drop loudly cry face gagcitybaltimore,1
save date billboardlatinweek return miami october smile face sunglass palm tree,2
whenever wherever big stream day 2024 spotify yesterday 479768 stream la tortura big streaming day ever platform 408059 source,2
lady gaga scream joker two day announce go joker 2 iconic,2
could ethiopian emperor steal clothes find manchester,1
kirsten dunst jonathan glazer oscars speech interpretation say genocide bad,1
police car light police car light police car light police car light police car light police car light police car light police car light police car light police car light 4824 btc 317962687 usd transfer unknown wallet coinbase institutional,1
conan get 2 stream find heaven,1
're literally 4 different era currently,1
song hat fandom 's fuking masterpiece,0
sunlight best disinfectant,2
final fight wish one say last thing relationship end guess thats short imagine like back forth end abruptly cuz didnt get last word listen,1
anybody need elmo elmo right color crayon thumb,2
highkey need gaga comedy joker 2 cycle,1
way look like theyre stage spotlight actually light prison window oh todd mind,1
meet diner ft lauderdale greasy spoon trump knew well would often send flunky chili fry best one south palm beach like say connoisseur salt fat two favorite food group someone sculpt,1
make fall loudly cry face,0
start today 's game delay update provide become available,1
get smile smile red heart,2
secret behind best sport synchs,1
nicki really gag sparkle heart unicorn love much see tomorrow face hold back tear gagcity gagcitydc,2
start sink conan album soon guys oh word,2
many people cant comprehend relationship god religious truth many us get much close god evolve beyond organize religion,2
best part picture around team make commercial mission like possible,2
local artist kenya produce artwork tate brother van use food aid,1
twitter 1.0 everyone make money except content creators advertising company revenue share creator high conversion advertising company top priority,2
rod wave arrest weapon charge police accuse tie florida gang shoot,0
josh allen get chance prove doesnt need stefon diggs anymore like patrick mahomes prove didnt need tyreek hill,1
still believe best banger ahead us,2
billie eilish nicki minaj want stop 'predatory ' music ai,1
billboard bubble hot 100 20new entre parntesis grupo frontera,1
wasnt nervous tonight thank gagcitydc gagcitydmv person real light win god bless show eff incredible idc idc idfcc real ngg time bless us fold hand medium skin tone trophy heart suit,2
lady gaga update bio instagram,1
olive garden longhorn steakhouse report last week households income 150000 transaction restaurant recent quarter year ago whereas transaction among make less 50000 fell per axios,1
consistency incredibly valuable,2
asib shes play hog accent wrong j2 shes use normal voice yall drain,0
one know could find unsolicited advice preferably people weird personality disorder dont know anything,0
retrospect call never end song grocery store food heaven insane,0
fun fact movie matrix neo 's passport expiration date set 9112001,1
equal treatment equal outcome pick one,1
nothing make happy kid elon musk,2
billionaire gut stand woke mob anybody else,1
neither two ever sign normal movie gon na heart wrench love story time trust believe,2
's collision project close heart bear desire promote balanced healthy lifestyle everyone tool care body mind right fingertip find,2
julia garner cast female silver surfer fantastic four source deadline,1
immediately follow initial attack world trade center tunnel close traffic flee manhattan via bridge reach standstill many civilian especially neighborhood closest attack desperate escape island way,0
netanyahu fucking monster 's tweet,0
fact confirm sign cd vinyl couch frowning face frown face conan loved,2
lecture son misplace glass anxiously look say mommy youre make nervous talk afterwards good wrong aid dysregulation mess,0
cathie wood ark invest say bitcoinis insurance policy rouge regime,1
man go viral say soulja boy rap legend nipsey hussle,1
love support elon smile face open hand,2
left dumb keep win important election,0
news police car light nasa 's parker solar probe make 1st kind observation within coronal mass ejection,1
rod wave arrest today possession firearm convict felon,0
new promotional photo hibiscus,1
beyoncs texas hold em rebound u.k,2
al hilal sudanese champion play 'to distract people war ',0
like eat gagcitybaltimore nicki love,2
remember 2 year ago buy 54million dollar bugatti big deal 75000000 dollar car middle global bank freeze matrix attack dont even give fuck large online world amazing,2
andrew tate midnight drive,1
latin music week return miami october 2024 palm tree latinmusicweek,1
horse airlift nearly 24 hour stick river,0
nicki minaj bring artist tate kobang perform rnb bankroll hometown baltimore fire,2
tip jar soon available web significantly benefit creator platform via,2
company want recycle instrument string across globe,1
politician condemn disorder derry parade,0
last goodbye los temerarios close 40 year career record set tour,1
wonder canonical explanation gagas harley blonde brunette root harley happen like bleach hair like stefani change hair arthur blonde,1
finallyy messy highlight wayy,1
learn scene base true story almost throw,1
miley cyrus post malone rumor collaboration work,1
first person benefit act charity benefactor see change manner find peace watch smile form lip another person,2
break president trump say win tax cut economic boom,2
kp6 500k copy sell first week 5 deluxe version alternate cover fraudulent radio play streams satanic accusation 6 tv performance 4 viral song 3 1 hit stream farm,1
still cant believe truly one memorable night love every second every moment thank barb whove supportive true best love guy cloud pink heart gagcitydc gagcitydmv,2
yup im journalist huffpost observer fantastic news outlet condemnation generate hate click perry former self great news outlet,2
american one care accent like fuck new york accent y'all fucker sound,0
grateful last four year excite next chapter bayoubarbieout,2
lady gaga venice film festival 2018,1
joker portray numerous male actor nobody issue yall always feel entitle opinion come female character say love pit woman go,1
dead wife beginning movie,1
jon bernthal share new daredevil bear bts photo charlie cox deborah ann woll,1
break judge denies trump immunity claim hush money case,1
make 1 rbhip hop airplay chart,1
take get music industry go green live veteran amy morrison idea,1
student escape sudan war start university course,1
one favorite segment show face hold back tear know speak soul pink heart gagcitybaltimore,2
complete guide every 2024 coachella party event update,1
marc brys appointment new cameroon bos surprise country 's fa,1
shaggy goat part 2 tate confidential ep 225 watch,1
watch full tate confidential episode exclusively rumble,1
hot 100 first timer artemas debut viral hit like way kiss,1
graph view last 3 episode combine skull crossbones,2
actor comedian joe flaherty dead 82,1
lyric shakira cardi b flirty punteria translate english,1
big first week beyonc lasso cowboy carter,1
please pray xavier he surgery right remove neuroblastoma cancer chest spine thank love boy.xaviersfight purple heart reminder ribbon yellow heart,2
first clip bear season 3 releasing june hulu,1
cant believe era little monster abandon,0
actually change evolution edit tiktok edits way today,2
opinion colorado state university increase,2
news cathie wood say still 2000 price target tsla share time run hill say cnbc,1
ariana block fan upload post taylor drag,0
thank hot girl tip day face tear joy pink heart iheartawards2024,2
swifties hate kanye bc taylor hate bc he vile human taylor reflection,0
lady gaga explain plot joker 2,1
24 shakira create worldwide hit everybody remembers day age even old drag internet one remember face blow kiss,1
boy 's message bottle find denmark,1
two heart gagcitydc def one one right clothing etc,2
sign lewis capaldi connects ppl lil mosey synchs cinq,1
actually insane,0
police car light conan gray upcoming album find heaven 36 42 minute long 13 track album include 5 earlier release song red exclamation mark album come tomorrow,1
make history week thanks new album la mujeres ya lloran set debut 1 toplatinalbums chart become seventh 1 tie history among woman detail,2
head sustainability music business actually,1
travis read happy belated independence day local neighborhood independent girlies smile face sunglass see tonight kansa cityy,2
listen guy fear eat,0
rebel wilson believe adele hat fat amy comparison people would confuse us,0
solar eclipse path guide watch north america,1
john sinclair former mc5 manager activist dy 82,0
told barbz love,2
finland shoot child 13 wound three vantaa school shoot,0
jordan davis morgan wallen big loud publishing lead 2024 aimp nashville country award honoree,1
may tall sexy genius level iq humble billionaire n't mean one elitist snob sometimes wash one 63 supercars top g g stand man people,1
gagcitydc sparkle heart white heart love long time,2
simon coveney step irish cabinet,1
bizarraps best music session rank critic pick,2
history dis 1 billboard hot 100 youre vain like,1
lil yachty work mcdonalds teen star new ad golden arch,1
arthur wharton preston north end honour trailblazing black footballer,1
crazy become famous people say im ghetto talk shit accent call dumb way speak say get couth talk teeth braid two bun day matter accomplish still get call stripper,0
musician vote ratify new contract film studio include stream residual,1
get us even get loudly cry face pink heart gagcitybaltimore,0
houston texan top offense,2
beyoncs cowboy carter legendary inspiration new collaborator stream linda martell dolly parton brittney spencer,2
tomorrow find heaven release flashback beginning current era drop cause life change day,1
ice spice hang cardi taking picture,1
change modern athlete look tomorrow expansion sport management,1
insufferable literally keep legit could never go eat around someone like dont care disordered relationship food shut,0
watch woman march madness 2024 final four game online without cable,1
6 best earplug help protect hearing concert,2
alert new york judge juan merchan deny trump claim presidential immunity ny criminal case judge say among thing trump myriad opportunity raise claim presidential immunity well march 7,1
yg entertainment name yang min seok sole ceo,1
yo ive never see bad customer service life,0
jean paul vignon stylish french vocalist actor die 89,1
say whole discography,1
. 's las mujeres ya lloran storm 1 top latin album latin pop album,1
three station crew member include astronaut loral o'hara schedule begin return earth friday april 5 nasa tv provide live coverage departure landing,1
popstar someone pop star recent year loudly cry face,2
kanye west sue ex donda academy staffer say rapper threaten lock student cage,0
watch taiwan earthquake shake man rooftop pool,1
sabrina carpenter channel 90s skim sultry underwear campaign,1
17 sell show ribbon unicorn come thru gagcitybaltimore pinkfriday2tour pinkfriday2 nickiminaj nicki yo world globe show americas aint heart arrow unicorn,2
three seven aid worker kill israeli strike gaza british charity world central kitchen confirms,0
travis kelce share he learn taylor swift music eye opening,1
mgk share lengthy process get blackout tattoo,1
thousand brave rain white house easter egg roll,1
spotify plan price increase 2024 report,1
casey wasserman music sport false theory star,1
'm ready miss oh god 's reflect people like past make realize miss way past crush treat ex currently date time,0
nosiviwe mapisa nqakula south africa parliament speaker resign corruption probe,1
sport anthem future,1
first trailer joker 2 star joaquin phoenix lady gaga release april 9th,1
pharrell face neptune dispute lucian grainge blast diddy claim top music law news,1
joker folie deux star joaquin phoenix lady gaga rat r strong violence language throughout sexuality brief full nudity,1
rabbit emerge ocean see everything need see life,2
boofbarbz perfection flex biceps medium skin tone,2
red clay stray set european concert date,1
ctespn first chart increase clapper board trust source sport,2
travis kelce say far year hes happiest ive ever,2
civilization n't grow nothing else matter,0
drew goddard set write direct new matrix movie,1
ahh bourgeousieses affluenza pt2 confirm,2
frank ocean lose hit 1 billion spotify stream,1
unlikely rise nebulossa run beauty clinic represent spain eurovision,1
harleys hawaii de katy perry ultrapassou marca de 500 milhes de streams spotify hibiscus,1
queen lil jon sport anthem bear,1
special announcement week guest fire,2
obsess photo series call window masahisa fukase take photo wife apartment window almost everyday leave face hold back tear,1
nicole richie joel maddens kid parent lookalikes red carpet debut,1
keityn feid honor 2024 ascap latin music award complete winner list,1
father crash victim tell funeral world 'now empty ',0
. 's water surge 1 hot rb song chart,2
vocal gagcitydc,1
german trial witness say saw madeleine mccann suspect rape video,1
taylor swift get siriusxm radio channel heres tune,1
dozen dead istanbul nightclub fire,0
talk beyoncs cowboy carter compare new album beatles white album shes get gut,1
ppl spend hard earn money baby betta fng believe fold hand medium skin tone heart hand medium skin tone index point viewer,2
travis kelce open 2024 kelce jam music festival last hoo rah post super bowl,1
ukraine war deep ukraine drone attack russian territory injures 12,0
hot 100 first timer tito double p joel de la p arrive peso pluma collab la people ii,1
alien release theater april 26,1
taylor swift sza among record setter 2024 iheartawards,2
harleys hawaii katy perry reach 500 million stream spotify 15th song achieve,2
open yellowstone theme album stellaria mental health,1
remember friday wont new music year,1
new bitcoin etf saw record volume 111 billion march 's triple inflow february explode head,2
eminem prank fan april fool day album announcement,1
meet major league executive bring music sport,1
major plan 2024 eye tease next album go tour dive act billboardnews watch full interview,2
incredible team engineer build app change everything,2
take lead christian airplay chart first time hope message keep go,1
full nudityy good ga,1
new whiskey jypsi release upcoming nashville residency important us could creative,2
venice launch new career assistant tool artist,1
soo,1
10 member space station crew work cargo spacesuit human research tuesday weekend crew departure prep continue,1
polaris dawn dragon head vacuum chamber test spacex team celebrate dragon 's departure ahead launch orbit summer,2
cast real housewife potomac gag city tonightrhopgagcitydc,1
kristen wiigs old snl dressing room get completely take new promo,1
soca superstar break five favorite track first album 10 year time position global way,1
bassirou diomaye faye senegal election offer hope frustrate young african,1
plenty drama ziggy mackenzie sol enter sing americanidol,1
louis conter last survivor attack pearl harbor ship die age 102,0
lizard eliminate sink swim experience masked singer im use lose,1
least 29 people confirm die fire istanbul nightclub undergoing renovation,0
20 best travel deal help get away budget,2
qgtm history fng make thank million time trophy gagcitydc shall go gagcity history book,2
michelle obama praise beyoncs cowboy carter encourage fan register vote power,2
k pop star karina actor lee jae wook split shortly go public,1
act fast ipad pro ipad air ipad mini sale amazon save 100,2
love katy perry account need make clear press event private preview industry people wasnt positive reaction batch song hear album 100 percent finish katy come soon,2
ye sue another former donda academy staffer allege sexually abusive environment billboardnews,0
break bill trade wr stefon diggs texan per,1
adele reschedules 2024 weekend las vega residency show postpone illness,1
sec scene add teaser trailer could make faint,0
crawler transporter 2 update prepare future mission right arrow curve,1
james kirby cousin pay tribute 'selfless hero ',1
magic johnson post heartfelt celebration live icon beyoncs cowboy carter,2
jon batiste hop work beyoncs cowboy carter help dismantle genre machine,2
first amendment congress shall make law respect establishment religion prohibit free exercise thereof abridge freedom speech press right people peaceably assemble petition government redress,1
bless ft wvw pre save link,1
begin star,1
first poster joker 2 star joaquin phoenix lady gaga,1
billie piper say classmate amy winehouse bully school,1
slipknot avenge sevenfold disturb headline 2024 rocklahoma festival,1
cash cobain speak nyc concert cancel reason control,1
karol g latin america guest maana ser bonito tour,1
bizarrap natanael cano drop explosive two song collaboration bzrp music session 59 stream,1
shakira surpasses billie eilish become 21 1 artist monthly listener spotify 8 female artist globe show america,2
two investor plead guilty insider trading scheme link trump medium deal bring former president 's social medium business public,1
strong earthquake 25 year rock taiwan tsunami warning issue nearby country,0
craig gillespie talk direct supergirl previously direct cruella tonya source deadline,1
trust men easily afraid loyalty require bravery anyone who easily scar easily turn without ball sentiment man mean absolutely zero soon weak man suffer person loyal loyalty disappears,0
kai medium company behind k pop label hello82 raise funding expansion,1
finland shoot several injure vantaa school shoot police,0
ken griffin say u.s 'irresponsible ' national debt politician spend 'at expense future generation per fortune,0
china taiwan 30 chinese warplane 9 navy vessel position around taiwan accord taiwan 's defense ministry think face,1
donald trump get boo mi today bring joy heart,2
feed chairman powell finally tell truth last week finally admit inflation win fed longer promise flation 2 inflation transitory finally stop lie congratulation problem people idea,1
hedge fund billionaire steve cohen tell cnbc own little amount bitcoin eye,1
fella antismitic think aid worker shouldnt airstriked,0
current joker folie deux box office prediction predicted worldwide box office 800m film would currently 3rd high gross r rat movie time behind oppenheimer original joker,1
future without kid,1
recent article press 'winning ' proxy contest nelson peltz base early election return leak medium n't investment disney think useful point inappropriateness,1
aileen cannon remove case long time ago bullshit ruling blatantly cause delay favor defendant trump 's fucking joke,0
movie 'the matrix ' neo 's passport expiration date set 9112001,1
. 's harleys hawaii surpass 500 million stream spotify,2
x premium cost 23 cent day buy annually via web united state subscribe x premium support platform,2
anything overrated solar eclipse face tear joy,0
loral o'hara one five currently station return earth april 6 conduct one spacewalk research advanced space phenomenon six half month mission,1
's 6 year since become public company pretty wild think metric spotify 3x day remind bill gate quote people overestimate one year underestimate,1
2 1 8 band 2200 7300 spectral region photomultipler tube study emission intensity data information surface texture composition planet could obtain along w information,1
joker 2 poster see 14 million time 10 hour one twitter account compare major release first poster post number incredible,2
police car light police car light police car light police car light police car light police car light police car light police car light police car light police car light 370000000 usdt 370047175 usd transfer tether treasury bitfinex,1
ftc responds esrb 's proposal ai power face scan 'age estimation ' system,1
n't judge cannon rule doj reconsideration motion block release witness list 'm guess know release smith go 11th circuit 's sit,1
evil,0
's go,1
update samplingmars recently collect 24th sample area call bunsen peak name landmark rock core fill silica carbonate,1
knowledge power bitcoin,2
truly mother daughter,1
know legacy medium notification,1
hunter schafer euphoria star say longer want play trans character,0
perfection,2
wonder loudly cry face,1
gagcitybaltimore,1
katy perry esquecida . 's harleys hawaii surpass 500 million stream spotify . 's never really certified diamond brazil gente que fracassada 2 msicas solo ltimo lbum sendo diamante e 500m de streams spotify,2
katy perry x american idol brown heart sparkle,2
joker 2 trailer really come break internet talk hundred million view across platform global event,2
shakira set appear hot one tomorrow april 4 heart fire,2
start stan twitter start concept era start whole mother fanbase relationship like im serious,1
lavar ball blame nba training staff puma 's 'raggedy ' shoe son ' injury reason hurt get away start rooty toot workout keep run hill 're go keep power,0
former observer huffpost journalist claim katy perrys career decline plan people similar christina aguileras career sabotage allege writer trash katy generate click money last year former pitchfork writer allege,0
lady gaga photograph steven klein,1
break sec request public comment major ethereum spot etf,1
btc bitcoin hold weekly range low 65600 support nowbtc crypto bitcoin,1
payment option think add tip jar,1
harry potter say loudly cry face,0
im glad gaga keep og voice nobody want hear squeaky as exaggerated voice,1
5 day away eclipse check eclipse guide link bio tip see remember difference 99 100 one literally change life eclipse saw 2017 ignite passion pursue astrophotography,2
fan select country watch shakira 's video spotify go stream,2
city dominate highway car 's partly one influential people 've never hear norman bel geddes 1939 create futurama huge exhibition try predict future end change world,1
break coinbase work lightspark integrate bitcoin lightning network customer high voltage,2
4 account alone nearly 31 million view 24 hour,1
finally restock lady gaga fame monster picture disc include friday drop well,1
break guy ram car fbi field office atlanta day social medium account associate q anon anti vaxx stuff election denialism sidney powell donald trump super shock source,0
spotify top song 0402 stream hip n't lie 1138286 tqg 1038174 puntera 961461 entre parntesis 846840 cohete 603393 bzrp music session vol 53 570837 whenever wherever 479768 chantaje 422502 la tortura 408059 dia de enero 403425,1
tell 's adult content threadz instagram onlyfans eye,1
keityn feid carlos vives yng lvcas talk major win 2024 latin ascap award,1
anya taylor joy confirm secretly get marry malcolm mcrae 2022,1
tonight tank top say w star men gutsworldtourboston,1
green circle facebook red circle instagram red circle whatsapp red circle,0
remember,1
united state blackrock fidelity combined 399741 btc worth 26.2 billion spot bitcoin etf,1
united state shakira female artist song currently us itunes top 100 latin song total 8 song,2
shakira 's amazing 12th studio album 'las mujeres ya lloran ' score 3rd high new entry united world album chart land 6 flexed biceps 3rd place medal top arrow new button collision keycap 6 globe show americas chart increase crown heart fire 'las mujeres ya lloran ' feature cardib rauwalejandro manuelturizo grupofrontera ozuna karolg,2
news tesla overtook mercedes second large seller imported vehicle korea last month mark first time tesla beat mercedes benz korea term sale,2
ultimate guide festival celebrate latin music 2024,1
lady gaga fucking movie star,0
te har salir volando como un cohete rocket collision ill make fly like rocket lmynl,2
youre invite see rogueport may 23 papermariothethousandyeardoor come nintendoswitch,2
alien mother,0
